delay_samp,ch0_real,ch0_imag,ch1_real,ch1_imag
-100,-0.00559838954359293,0.0036327585112303495,1.5380455806734972e-06,-0.004888564348220825
-99,-0.005257172975689173,0.0037427034694701433,-0.00027098582359030843,-0.00478185573592782
-98,-0.006818313617259264,0.003772839205339551,-0.0005213931435719132,-0.004526520147919655
-97,-0.007742663379758596,0.005981298629194498,-0.0006485138437710702,-0.004179561045020819
-96,-0.006919518578797579,0.004130401182919741,-0.0012033855309709907,-0.0041719889268279076
-95,-0.0062471311539411545,0.004505716264247894,-0.0011263441992923617,-0.004412016365677118
-94,-0.007516211364418268,0.005350031889975071,-0.000386247003916651,-0.005551339592784643
-93,-0.007814507931470871,0.005653732921928167,-8.387416892219335e-05,-0.0031692658085376024
-92,-0.00779737439006567,0.006243701092898846,-0.0006044131587259471,-0.0046793450601398945
-91,-0.00716343754902482,0.005310782231390476,-0.0009848710615187883,-0.005516467150300741
-90,-0.007831818424165249,0.006742589175701141,-0.0013861979823559523,-0.0035400991328060627
-89,-0.0075708734802901745,0.005536152049899101,-0.0015334233175963163,-0.003846662351861596
-88,-0.007605061866343021,0.005868711043149233,-0.0006563611095771194,-0.004645803011953831
-87,-0.007984409108757973,0.0067730192095041275,-0.0007374089327640831,-0.0033225566148757935
-86,-0.007907439023256302,0.007121540140360594,8.521515701431781e-05,-0.0027335290797054768
-85,-0.005971403326839209,0.006600843742489815,0.0002631709212437272,-0.003792468924075365
-84,-0.007663622498512268,0.005904834717512131,-0.0012280003866180778,-0.0038705498445779085
-83,-0.009159979410469532,0.005472930148243904,-0.0005399244255386293,-0.0027833208441734314
-82,-0.007960181683301926,0.005426375661045313,-0.0005496887606568635,-0.0035013523884117603
-81,-0.008640343323349953,0.009144374169409275,-0.0011785445967689157,-0.0033207901287823915
-80,-0.008124861866235733,0.006141915917396545,-0.0013146650744602084,-0.0038910042494535446
-79,-0.008234020322561264,0.005940997041761875,-0.0009103151969611645,-0.0017696147551760077
-78,-0.00734320655465126,0.006931561976671219,-0.0006530822720378637,-0.0022775703109800816
-77,-0.008514652960002422,0.006593519821763039,-0.00010861241025850177,-0.0022578926291316748
-76,-0.008245792239904404,0.006789469625800848,0.00023135631636250764,-0.002883427543565631
-75,-0.008783377707004547,0.0075769321992993355,-0.0011062620906159282,-0.0023803289514034986
-74,-0.007745217997580767,0.006195628084242344,1.1934274880331941e-05,-0.002933305688202381
-73,-0.00863143615424633,0.0080213388428092,-0.00035211408976465464,-0.0022603950928896666
-72,-0.008590116165578365,0.006317459512501955,0.00021737538918387145,-0.0027912987861782312
-71,-0.007152264937758446,0.0042110588401556015,0.0011443453840911388,-0.0025462121702730656
-70,-0.006575040519237518,0.004575896542519331,0.00020371108257677406,-0.00015154448919929564
-69,-0.009412865154445171,0.005846842657774687,-0.000912291172426194,-0.0009281710954383016
-68,-0.008409999310970306,0.004918436054140329,0.0013487022370100021,-0.0014767464017495513
-67,-0.009147364646196365,0.003705437295138836,0.0017527479212731123,-0.0004240521520841867
-66,-0.008584389463067055,0.0045423731207847595,0.0009510059608146548,0.0007536960765719414
-65,-0.009209912270307541,0.004072250332683325,0.0018358882516622543,-0.0003536363074090332
-64,-0.00973605178296566,0.002467239508405328,0.00262951641343534,0.0004405061190482229
-63,-0.007961085997521877,0.0008314693695865571,0.0010449342662468553,0.0013691602507606149
-62,-0.008399921469390392,0.002062815008684993,-0.00013427801604848355,0.0020055195782333612
-61,-0.007274708244949579,0.0034297916572541,0.00216394173912704,0.0019889448303729296
-60,-0.009162509813904762,0.0007406857912428677,0.0010959352366626263,0.001449732226319611
-59,-0.006293848156929016,0.00021531169477384537,0.0008093530777841806,0.0018852644134312868
-58,-0.006188805680721998,0.0003628610575105995,0.001994864549487829,0.0028445913922041655
-57,-0.005430064629763365,-0.00047747851931490004,0.0018285342957824469,0.002432957524433732
-56,-0.005240342579782009,-0.0007655087392777205,0.00044791371328756213,0.0019108920823782682
-55,-0.004631613846868277,-0.0023776430170983076,0.0009234406752511859,0.0036444910801947117
-54,-0.004141984507441521,-0.0016604402335360646,-6.676228804280981e-05,0.0035270003136247396
-53,-0.003807696048170328,-0.00194019905757159,0.0012664432870224118,0.00228083785623312
-52,-0.005584348924458027,-0.0038979887031018734,0.000499434769153595,0.005231436342000961
-51,-0.002491151448339224,-0.0028080760966986418,-0.0005833976902067661,0.004028698429465294
-50,-0.0021934194955974817,0.00032863931846804917,0.0006467755301855505,0.005154343321919441
-49,-0.002955275122076273,-0.0023737051524221897,0.0004156622744631022,0.0050538755021989346
-48,-0.002407146617770195,-0.006888984236866236,-0.0004206885932944715,0.004173398949205875
-47,-0.0009544958593323827,-0.004208676051348448,-8.55207908898592e-05,0.006232543382793665
-46,-7.167347939684987e-05,-0.00488507142290473,0.00025820478913374245,0.005278446711599827
-45,-0.0008043913985602558,-0.004939199425280094,-0.00021182211639825255,0.005288621410727501
-44,0.002108396030962467,-0.006743631791323423,6.008055424899794e-05,0.0063317264430224895
-43,0.0017687409417703748,-0.0061712018214166164,-0.0002750965941231698,0.005886309780180454
-42,0.003486677771434188,-0.005825255066156387,-8.631237142253667e-05,0.005684922449290752
-41,0.004174035973846912,-0.004889282397925854,0.0003563729114830494,0.006442347075790167
-40,0.0042524635791778564,-0.008028634823858738,2.8959424525965005e-05,0.004210765939205885
-39,0.0050221155397593975,-0.008269420824944973,0.0002612678217701614,0.0056651257909834385
-38,0.007359353359788656,-0.00778944930061698,0.0010794270783662796,0.006219249684363604
-37,0.0056169359013438225,-0.006802055984735489,0.0009067011997103691,0.005699305795133114
-36,0.008845148608088493,-0.008385607041418552,0.000731670472305268,0.00526796281337738
-35,0.008502195589244366,-0.00767594063654542,0.0009586121304892004,0.006775395479053259
-34,0.011127647012472153,-0.006899495143443346,0.001613988308236003,0.005073611158877611
-33,0.011791596189141273,-0.0087791308760643,0.0014049351448193192,0.005935727618634701
-32,0.014691776596009731,-0.009058840572834015,0.0022611923050135374,0.005970187950879335
-31,0.010123314335942268,-0.006120188161730766,0.002631162293255329,0.00565166212618351
-30,0.016320975497364998,-0.008358187973499298,0.003741864813491702,0.005863402970135212
-29,0.013399602845311165,-0.0054155802354216576,0.0031280990224331617,0.006520361173897982
-28,0.018479006364941597,-0.007269219495356083,0.002769410377368331,0.005715420935302973
-27,0.01239943690598011,-0.005655798129737377,0.004092121031135321,0.006708292290568352
-26,0.022010795772075653,-0.005538083612918854,0.003660151967778802,0.008538300171494484
-25,0.013695059344172478,-0.004320169799029827,0.003927610348910093,0.0076817795634269714
-24,0.023771286010742188,-0.008406898938119411,0.002610442228615284,0.009123507887125015
-23,0.01378079317510128,-0.0031155108008533716,0.005863438360393047,0.009367723949253559
-22,0.026570769026875496,-0.008650551550090313,0.002478794427588582,0.011187701486051083
-21,0.012237359769642353,-0.0022780057042837143,0.007687738165259361,0.007670026272535324
-20,0.03007255680859089,-0.006806896533817053,0.0019809205550700426,0.012240903452038765
-19,0.011775403283536434,0.0017415613401681185,0.011274531483650208,0.0074206129647791386
-18,0.03362474590539932,-0.006437569856643677,0.002613245276734233,0.0142511622980237
-17,0.003961506765335798,0.013531124219298363,0.017540158703923225,0.0008298354805447161
-16,0.03744636848568916,-0.0037463700864464045,0.0023859941866248846,0.012230790220201015
-15,-0.10910484939813614,0.11878590285778046,0.07357765734195709,-0.059360258281230927
-14,-0.035445038229227066,0.07955511659383774,0.020106658339500427,-0.027761174365878105
-13,0.3608444631099701,-0.21420027315616608,0.028420384973287582,-0.006078533362597227
-12,0.01549047976732254,0.015096493996679783,-0.053479623049497604,0.07849548012018204
-11,0.09525510668754578,-0.11303958296775818,-0.02254287339746952,0.10632658004760742
-10,0.022195009514689445,0.08274155110120773,-0.005671700928360224,0.07561514526605606
-9,0.029758749529719353,0.08403115719556808,-0.12641051411628723,0.012890242971479893
-8,-0.024766694754362106,-0.052983272820711136,-0.11224479228258133,0.01677984930574894
-7,-0.1210906058549881,-0.04160004481673241,-0.06383877992630005,0.06341823190450668
-6,-0.09709195792675018,0.023526985198259354,0.1802806407213211,0.2615607976913452
-5,0.07697141170501709,-0.015455108135938644,0.17364175617694855,0.09717656672000885
-4,0.35675397515296936,0.1742401421070099,-0.25039994716644287,0.02989954687654972
-3,0.09200181812047958,0.0671018436551094,-0.17624016106128693,0.016656402498483658
-2,-0.03076358139514923,-0.6254388093948364,0.2427426129579544,-0.011265556327998638
-1,0.031588517129421234,0.08383174985647202,-0.1903195083141327,0.15942034125328064
0,0.9838165640830994,0.17917892336845398,-0.007253335323184729,-0.0023731556721031666
1,0.10404138267040253,-0.1181507483124733,0.12333709746599197,-0.05339154973626137
2,-0.02909551002085209,-0.25238022208213806,-0.1806381642818451,0.23800209164619446
3,0.2882825434207916,-0.2880963981151581,-0.04517927020788193,0.16432155668735504
4,-0.10276135057210922,0.19323459267616272,-0.046359796077013016,-0.024816183373332024
5,0.3048799932003021,0.18930718302726746,-0.05770539492368698,0.07502306997776031
6,0.11781464517116547,-0.18903501331806183,0.050465553998947144,0.234612375497818
7,0.09435320645570755,-0.054884012788534164,0.09538885205984116,0.10317248106002808
8,0.07068634778261185,-0.2280893474817276,-0.0603349432349205,0.2544160783290863
9,-0.31611642241477966,-0.19946105778217316,-0.026582472026348114,0.12333697825670242
10,-0.4510181248188019,0.16357320547103882,-0.00035883986856788397,0.016182072460651398
11,0.011383970268070698,0.044297415763139725,0.011523538269102573,0.17944300174713135
12,-0.08619188517332077,0.24139465391635895,0.1449630707502365,-0.2730196416378021
13,-0.3822471797466278,0.12342413514852524,0.09798651188611984,-0.03143374249339104
14,0.06760804355144501,-0.4251365065574646,0.053155943751335144,0.1209525465965271
15,0.33836907148361206,-0.17979790270328522,0.21658402681350708,0.02394866943359375
16,-0.04088880121707916,-0.011623585596680641,-0.25004416704177856,-0.117012619972229
17,0.16739323735237122,-0.07912405580282211,-0.1517089158296585,0.051752809435129166
18,0.19218094646930695,-0.4361095726490021,0.09854128956794739,-0.036301448941230774
19,0.6464138627052307,-0.1606791466474533,0.03109055571258068,-0.2979075312614441
20,-0.045073382556438446,-0.08986750990152359,0.019997641444206238,-0.0006136246374808252
21,-0.23966149985790253,0.07715396583080292,0.26728555560112,0.17546436190605164
22,-0.18330885469913483,-0.238894522190094,-0.16963447630405426,-0.1412072479724884
23,0.3310970664024353,-0.12428607791662216,0.021763401105999947,-0.021109484136104584
24,0.20596326887607574,-0.0720568299293518,-0.228306844830513,0.11930546909570694
25,-0.051580533385276794,0.14182426035404205,0.030671067535877228,-0.11127623170614243
26,-0.2673696279525757,-0.09057638049125671,-0.2187228947877884,0.01079125888645649
27,0.22730650007724762,-0.11689051240682602,-0.05537738651037216,-0.12101368606090546
28,-0.037006862461566925,0.2616816461086273,-0.11781526356935501,-0.0602094903588295
29,0.05140581727027893,0.2298930138349533,0.2457141876220703,0.027447236701846123
30,0.33588460087776184,-0.29743027687072754,0.050617460161447525,-0.03702804446220398
31,0.01951170340180397,0.12390533089637756,0.12372897565364838,-0.06057567894458771
32,-0.1931784451007843,0.043211907148361206,0.1546826809644699,0.2036457359790802
33,-0.07735958695411682,0.09935779869556427,0.24240627884864807,-0.18728260695934296
34,-0.1755993515253067,0.26668477058410645,0.20136758685112,-0.2346157729625702
35,0.01609531044960022,-0.29439353942871094,-0.08145932108163834,0.0421084426343441
36,0.07893071323633194,0.34839555621147156,0.027023857459425926,-0.11587272584438324
37,0.1659255176782608,0.048254821449518204,-0.2833788990974426,-0.16054239869117737
38,0.1986943632364273,-0.08213432133197784,-0.029885105788707733,-0.011664298363029957
39,0.3901737332344055,0.06905161589384079,-0.12361723929643631,-0.23605704307556152
40,0.12089399993419647,-0.2569504976272583,-0.13012103736400604,-0.0903138816356659
41,-0.25035905838012695,0.19071805477142334,-0.09677667915821075,-0.00639093853533268
42,-0.08965601772069931,0.2553262710571289,0.29372692108154297,0.011573661118745804
43,0.09493754059076309,0.556054949760437,0.2798411250114441,0.18550746142864227
44,-0.08645240217447281,0.061307359486818314,-0.06607377529144287,-0.25937795639038086
45,-0.08618084341287613,0.03182134032249451,0.028855029493570328,0.028366167098283768
46,-0.05349889397621155,0.2065991461277008,0.28235188126564026,-0.23982493579387665
47,-0.2681801915168762,-0.04901892691850662,-0.07170679420232773,-0.012364364229142666
48,-0.2251231074333191,0.1383308321237564,-0.014111986383795738,0.04686681553721428
49,-0.1713598668575287,0.35235509276390076,0.019251098856329918,0.24328605830669403
50,-0.2898053526878357,0.19626164436340332,-0.09800856560468674,0.020278941839933395
51,0.02947087399661541,-0.038335856050252914,-0.16837657988071442,-0.07201635837554932
52,-0.029003644362092018,0.11942192167043686,-0.31314438581466675,0.43517807126045227
53,-0.34442993998527527,-0.32899028062820435,0.07559890300035477,0.031996529549360275
54,0.043411266058683395,0.0633121058344841,-0.003498165402561426,-0.011847720481455326
55,-0.2911330461502075,-0.2075030505657196,-0.12929633259773254,-0.1812392622232437
56,0.08093537390232086,-0.15577057003974915,-0.1927756369113922,-0.08606720715761185
57,0.2617776691913605,0.2976647615432739,-0.11499897390604019,0.13691529631614685
58,0.1780097931623459,-0.10440971702337265,-0.11305121332406998,0.050009943544864655
59,-0.02413954585790634,-0.32067257165908813,-0.0759410709142685,-0.1630297750234604
60,-0.23609396815299988,0.07257381081581116,-0.14543111622333527,-0.21202416718006134
61,-0.194012850522995,-0.3482408821582794,-0.01129984762519598,-0.18013456463813782
62,0.32227781414985657,-0.23369215428829193,-0.09569774568080902,0.02043912000954151
63,-0.10085606575012207,0.007409840822219849,-0.2439432293176651,-0.08454899489879608
64,-0.1110052764415741,-0.06392563134431839,0.10160434246063232,0.16547316312789917
65,-0.2212650328874588,-0.07993925362825394,-0.006257902830839157,-0.029204800724983215
66,-0.0803932175040245,0.09131669253110886,-0.0730927363038063,-0.02965093031525612
67,-0.2913672626018524,0.2302875965833664,-0.1983557492494583,-0.132541686296463
68,-0.07181417942047119,-0.1573837399482727,0.10895247757434845,-0.20400211215019226
69,0.10021927207708359,0.1844128519296646,-0.048971790820360184,0.09679946303367615
70,0.06116889789700508,0.05450344458222389,0.1652471274137497,0.5530449151992798
71,0.258346825838089,-0.110540971159935,-0.01272280141711235,0.17336849868297577
72,0.11132307350635529,-0.09082534909248352,0.03543517738580704,-0.0006783442222513258
73,-0.15448437631130219,0.020779233425855637,0.007458722218871117,-0.0007344811456277966
74,-0.051473554223775864,-0.1554274559020996,0.020354291424155235,-0.06272877752780914
75,0.29873767495155334,0.1241854876279831,-0.08744717389345169,0.30566835403442383
76,-0.2597430944442749,-0.01513472106307745,-0.2841968536376953,0.04625926539301872
77,0.2185603380203247,0.004934006370604038,-0.04370839148759842,-0.015890028327703476
78,-0.10645483434200287,-0.02073831856250763,0.11763244867324829,-0.14779967069625854
79,0.10779506713151932,0.0010595145868137479,-0.09775955975055695,-0.10032230615615845
80,-0.12778998911380768,0.3009285032749176,-0.044155530631542206,0.08509455621242523
81,0.0803915336728096,0.19076701998710632,0.0799928531050682,-0.11563926190137863
82,0.08803240954875946,0.21032151579856873,0.14625383913516998,-0.06484588980674744
83,-0.17555110156536102,0.33708667755126953,0.15101884305477142,0.05885866656899452
84,-0.21425607800483704,0.0739031583070755,-0.185540109872818,-0.12174607068300247
85,-0.1856125444173813,0.16172704100608826,-0.16019712388515472,-0.08791891485452652
86,0.16795951128005981,0.03632719814777374,-0.08938789367675781,0.20084454119205475
87,-0.08300855755805969,0.047675881534814835,-0.10128186643123627,0.0385555662214756
88,0.009823817759752274,0.1823449730873108,-0.04444267228245735,-0.26676493883132935
89,0.14348872005939484,-0.05369937792420387,0.07797753810882568,-0.10539569705724716
90,0.17614251375198364,-0.025720173493027687,-0.11095443367958069,-0.28369298577308655
91,-0.15325504541397095,-0.04389243572950363,-0.28686103224754333,-0.2968035042285919
92,-0.07616190612316132,-0.20041504502296448,-0.012252956628799438,0.22582325339317322
93,0.5663955211639404,0.007911093533039093,-0.017973000183701515,0.08388742059469223
94,0.09049515426158905,-0.06384343653917313,-0.0143513772636652,0.12193696200847626
95,-0.5119176506996155,-0.0597044937312603,0.03930778056383133,-0.02404562383890152
96,-0.5273702144622803,-0.07260596007108688,0.014635581523180008,-0.012436009012162685
97,-0.26546818017959595,-0.07711678743362427,-0.07726655900478363,-0.29135629534721375
98,0.3471377491950989,0.03093872219324112,0.1842000037431717,0.02810806781053543
99,-0.22822456061840057,-0.437659353017807,0.056128423660993576,0.08591241389513016
100,-0.03537658229470253,0.151387020945549,0.12789975106716156,0.15669046342372894
101,-0.21156045794487,0.24310420453548431,-0.0414334237575531,0.18144111335277557
102,-0.2443646490573883,-0.26809170842170715,-0.15313483774662018,-0.30509960651397705
103,0.10128523409366608,-0.19465072453022003,0.031064791604876518,-0.0508381649851799
104,0.12662756443023682,0.21361035108566284,0.09117059409618378,0.025243770331144333
105,0.3733859658241272,0.26012998819351196,0.05513852462172508,-0.10459078848361969
106,-0.29959914088249207,-0.20939044654369354,-0.186405748128891,0.10623717308044434
107,-0.1250755488872528,-0.01712864264845848,-0.01325283758342266,0.0822385847568512
108,-0.09258126467466354,-0.23299358785152435,0.01690072938799858,-0.12461530417203903
109,-0.16893044114112854,0.0736946314573288,-0.046196285635232925,-0.07366924732923508
110,-0.025671925395727158,-0.16241031885147095,-0.16108083724975586,-0.11374282836914062
111,0.0673229768872261,-0.18073175847530365,-0.08492396026849747,0.10468001663684845
112,-0.177034392952919,0.18593652546405792,-0.047877829521894455,0.14042992889881134
113,-0.09561165422201157,0.17597678303718567,-0.01737726479768753,0.05477376654744148
114,0.1473430097103119,0.06009959056973457,-0.08550117164850235,-0.05131496116518974
115,0.03400547802448273,-0.4972887933254242,-0.0994286835193634,-0.0153842493891716
116,0.14915478229522705,-0.21589022874832153,0.30468085408210754,0.052513740956783295
117,0.2329825758934021,0.052481528371572495,0.17355136573314667,-0.3447784185409546
118,-0.029377762228250504,0.05704283341765404,0.11403040587902069,-0.00557585246860981
119,-0.0652167946100235,0.32269689440727234,0.2189377397298813,0.008206472732126713
120,-0.08513719588518143,0.3098708987236023,0.06231395900249481,0.12665483355522156
121,-0.0005376656190492213,-0.17757001519203186,-0.03400253504514694,-0.03333914279937744
122,-0.030996307730674744,-0.04923674464225769,0.1287866234779358,-0.09064772725105286
123,0.2285924106836319,0.04207174852490425,0.03361791372299194,0.04383504390716553
124,0.04780283197760582,-0.11364315450191498,-0.013440490700304508,-0.07822063565254211
125,-0.08865019679069519,-0.11492849141359329,-0.010869541205465794,0.04635993018746376
126,-0.26953229308128357,-0.2834872901439667,-0.1045227125287056,-0.08858266472816467
127,-0.3128504157066345,-0.04230284318327904,-0.04422042518854141,-0.018492441624403
128,-0.20530416071414948,-0.005698783788830042,-0.2653358280658722,0.010138064622879028
129,-0.13736797869205475,-0.33452847599983215,-0.08511091023683548,0.01674742065370083
130,0.019906897097826004,0.09790255129337311,0.05997725948691368,-0.08592613786458969
131,0.2057582288980484,0.14204396307468414,0.11355987191200256,0.13259980082511902
132,0.4124537706375122,-0.2482912242412567,0.08249356597661972,0.1062941923737526
133,0.12105470895767212,-0.1822565793991089,-0.10523058474063873,0.018150927498936653
134,0.051068346947431564,0.20860975980758667,-0.21195796132087708,-0.3552170991897583
135,0.11308657377958298,0.3623605966567993,0.15682671964168549,-0.1378643959760666
136,-0.0497596301138401,-0.07072114944458008,-0.0659700259566307,0.041154153645038605
137,0.2275022268295288,0.028036730363965034,-0.05882420763373375,-0.22223743796348572
138,0.11591730266809464,0.0633988082408905,0.12527060508728027,0.07809433341026306
139,-0.10784470289945602,-0.04747018590569496,0.1542486548423767,-0.16537445783615112
140,-0.18657322227954865,0.10973996669054031,0.08456036448478699,0.05017977952957153
141,0.03941265493631363,-0.026539143174886703,-0.004970329347997904,0.13702495396137238
142,0.1644616276025772,0.04377039149403572,0.021770622581243515,0.02904943935573101
143,0.10143778473138809,-0.09526697546243668,0.041175298392772675,-0.0032578441314399242
144,-0.016353478655219078,-0.15284499526023865,-0.020968571305274963,-0.006194085348397493
145,0.017351236194372177,0.2325480580329895,0.03750164806842804,0.27786320447921753
146,0.03897564485669136,-0.033918555825948715,-0.08947659283876419,-0.031212855130434036
147,0.040067922323942184,0.08925452828407288,-0.004875003360211849,0.023843972012400627
148,-0.10670466721057892,-0.15029653906822205,-0.09777434915304184,-0.011920960620045662
149,0.0029639138374477625,0.037056900560855865,-0.03084089607000351,0.09453560411930084
150,0.12439089268445969,-0.29387030005455017,-0.02798621542751789,-0.18511350452899933
151,0.07732473313808441,-0.08854464441537857,0.13326355814933777,-0.08622278273105621
152,0.010234273970127106,0.06716357171535492,0.13539890944957733,-0.0753742903470993
153,-0.18031497299671173,-0.2564564347267151,-0.04635930806398392,-0.05047931894659996
154,0.3912771940231323,-0.22262437641620636,0.02444831095635891,-0.14604859054088593
155,0.008037266321480274,0.04398994520306587,-0.05447738245129585,0.14127188920974731
156,-0.04724464565515518,-0.02041098289191723,0.297405481338501,0.2181835174560547
157,-0.05345560610294342,-0.02857855334877968,0.2498679757118225,0.09686160832643509
158,0.05484578385949135,0.22496920824050903,0.15634679794311523,0.17711368203163147
159,-0.0826239213347435,-0.0060100373812019825,0.1049918606877327,-0.03648924082517624
160,0.17466653883457184,0.02349647879600525,0.1414068341255188,-0.03307737410068512
161,0.1788233369588852,-0.11243288964033127,-0.09129993617534637,-0.09248566627502441
162,-0.16655662655830383,0.03812728822231293,0.03241844102740288,-0.10663339495658875
163,-0.20084822177886963,0.04618940129876137,0.022282425314188004,-0.07663837820291519
164,-0.19854766130447388,0.06934349238872528,0.004373448435217142,0.12095017731189728
165,-0.04479583352804184,0.05292646959424019,0.11687318235635757,0.036536458879709244
166,-0.04937396198511124,0.02237962745130062,-0.07302424311637878,0.120254285633564
167,0.037566810846328735,-0.2841808795928955,-0.1282791942358017,0.14294438064098358
168,0.05873649939894676,0.014655186794698238,0.09981163591146469,0.012698574922978878
169,0.35263246297836304,0.1736406534910202,0.13709482550621033,-0.15898238122463226
170,-0.08375481516122818,0.07716058939695358,-0.04151394963264465,0.046020328998565674
171,-0.014159140177071095,0.08331241458654404,0.11955831944942474,-0.034720368683338165
172,0.17221993207931519,0.17985013127326965,0.03810805454850197,0.0019202857511118054
173,-0.08706442266702652,0.10867562144994736,0.05748194456100464,-0.014719556085765362
174,0.007293336093425751,-0.23453904688358307,-0.13841333985328674,-0.12190242111682892
175,-0.02216736413538456,-0.1581677496433258,-0.11640828102827072,-0.016068002209067345
176,-0.2636152505874634,0.037592813372612,-0.15626060962677002,0.16494637727737427
177,0.05021623894572258,0.07716553658246994,0.02595421113073826,0.10892199724912643
178,-0.002315087243914604,0.0078234588727355,-0.028264375403523445,-0.13454389572143555
179,-0.08145881444215775,-0.1689070612192154,0.17692676186561584,0.031528688967227936
180,0.017083538696169853,-0.01516010519117117,0.04627615213394165,0.07410219311714172
181,-0.16467945277690887,0.09859047830104828,-0.017566736787557602,0.03807585686445236
182,-0.010699252597987652,0.11054979264736176,0.1239476129412651,0.15869951248168945
183,-0.03742469474673271,0.12074732780456543,-0.009504455141723156,0.011291133239865303
184,-0.13191616535186768,-0.03830438107252121,-0.03040183335542679,-0.1360301971435547
185,0.15045258402824402,0.07954030483961105,0.056464970111846924,0.07917605340480804
186,0.14026254415512085,0.03655322268605232,0.09781104326248169,-0.031164128333330154
187,0.11900760233402252,-0.11023470014333725,-0.12053346633911133,-0.0655020996928215
188,-0.09548305720090866,-0.18165171146392822,0.0013838973827660084,0.04438476637005806
189,0.009297458454966545,-0.05255178362131119,0.06067530810832977,0.006889749318361282
190,0.22314323484897614,-0.061707817018032074,0.027019530534744263,0.11680331826210022
191,-0.017776519060134888,-0.053300198167562485,0.055630411952733994,0.07989479601383209
192,-0.03818637505173683,-0.016015825793147087,-0.03389190137386322,0.1250036656856537
193,-0.086448535323143,0.10406216979026794,0.0021424503065645695,-0.007282312028110027
194,-0.1382872760295868,0.01924973353743553,-0.14708760380744934,-0.0833507627248764
195,0.00221469858661294,-0.05606834962964058,-0.07743998616933823,0.12238502502441406
196,0.1510729342699051,0.17929987609386444,-0.02929503656923771,-0.14034849405288696
197,0.16977082192897797,-0.07854431867599487,-0.21613331139087677,0.07404094189405441
198,-0.12110640853643417,-0.06606462597846985,0.158080592751503,0.08529714494943619
199,-0.2836390733718872,0.16705678403377533,-0.05412480980157852,0.002350844908505678
200,-0.08093556761741638,0.07380279153585434,-0.09287583082914352,0.28441759943962097
201,-0.06973156332969666,-0.07058323174715042,-0.035126492381095886,-0.019594570621848106
202,-0.030981561169028282,-0.09886040538549423,-0.17769356071949005,0.0949978455901146
203,0.062036603689193726,0.026468729600310326,0.0133678512647748,0.006700119469314814
204,-0.06693834066390991,0.0696358010172844,-0.0671515241265297,-0.04416194185614586
205,0.15418341755867004,-0.1293269246816635,-0.018908092752099037,-0.061921171844005585
206,0.07849739491939545,-0.20023491978645325,0.06379526108503342,-0.16469153761863708
207,-0.16997011005878448,0.06427224725484848,0.0751253217458725,-0.02000531367957592
208,0.13249221444129944,-0.22164614498615265,-0.10457134246826172,-0.04798856005072594
209,0.2083379626274109,-0.09320323169231415,-0.07966979593038559,-0.16388283669948578
210,0.006513197440654039,0.07948111742734909,0.01560267899185419,0.028247222304344177
211,0.048362959176301956,-0.0604112446308136,-0.048734694719314575,-0.04377206042408943
212,0.13011328876018524,0.030392972752451897,0.04691612347960472,0.032120827585458755
213,0.09519416838884354,-0.07060936838388443,0.0135970963165164,0.02741893194615841
214,0.024868205189704895,0.023410016670823097,-0.07194120436906815,0.008748447522521019
215,-0.08548258990049362,0.28881263732910156,0.013916190713644028,0.08309140056371689
216,0.060350414365530014,0.14636680483818054,0.0438193753361702,-0.10579737275838852
217,-0.08779412508010864,0.08277398347854614,-0.046555161476135254,-0.1620280146598816
218,-0.06194397434592247,0.07416629791259766,0.06442919373512268,-0.14122895896434784
219,0.04059911519289017,0.16036245226860046,0.15458722412586212,0.024097979068756104
220,0.10955819487571716,0.17250119149684906,0.07620261609554291,-0.009417792782187462
221,-0.021232856437563896,-0.09417273849248886,-0.1199038177728653,0.07162930071353912
222,-0.03804699331521988,-0.07006146013736725,0.09750445187091827,-0.01586354710161686
223,0.06085311993956566,-0.055645234882831573,0.059213124215602875,-0.14278431236743927
224,-0.005239698104560375,0.04121864587068558,0.07217594981193542,-0.0092808548361063
225,0.09071394801139832,0.18459956347942352,0.037241313606500626,0.08014526963233948
226,0.06387609988451004,0.06303547322750092,0.08114207535982132,-0.054024841636419296
227,0.14342384040355682,-0.025976048782467842,0.09231479465961456,0.08280201256275177
228,-0.12974722683429718,0.0011919453972950578,-0.1895965039730072,0.02919728308916092
229,-0.14295227825641632,-0.06864985078573227,-0.02231789380311966,-0.07141286134719849
230,-0.06456834077835083,-0.079400934278965,-0.14035074412822723,-0.1086096465587616
231,-0.1691758781671524,0.03666144236922264,-0.039623286575078964,0.048354968428611755
232,0.004498159978538752,-0.10622697323560715,0.0010179817909374833,-0.08104992657899857
233,-0.01633671671152115,-0.03822106495499611,0.04601283371448517,-0.12084420770406723
234,-0.014279088005423546,0.16619324684143066,0.04743768274784088,-0.10903019458055496
235,0.04855925962328911,-0.13157281279563904,0.012111546471714973,-0.05000854656100273
236,-0.10680770128965378,-0.008921997621655464,-0.10517792403697968,0.1357940286397934
237,-0.012319992296397686,0.20936156809329987,-0.03464610502123833,0.015610627830028534
238,-0.0308667179197073,0.04787619039416313,-0.06349741667509079,-0.024540472775697708
239,0.008684220723807812,-0.053147993981838226,-0.07396932691335678,-0.10662297159433365
240,-0.09429395943880081,-0.07523441314697266,-0.05877256393432617,-0.015018935315310955
241,0.04605839401483536,-0.09053301811218262,0.03204352781176567,0.003658283967524767
242,0.20821736752986908,0.1625312864780426,0.050861530005931854,-0.004315007943660021
243,-0.051731403917074203,0.05224374681711197,0.01841524988412857,0.10850048810243607
244,0.10342438519001007,0.17606140673160553,0.05676211789250374,-0.09536123275756836
245,0.05642600357532501,-0.004153028130531311,0.026826174929738045,-0.0017573130317032337
246,0.057802118360996246,-0.03515622019767761,0.006758635398000479,0.019330179318785667
247,-0.11401309818029404,-0.28497314453125,0.03923040255904198,0.006972737144678831
248,0.06945562362670898,-0.029288601130247116,0.018310274928808212,0.04209921509027481
249,-0.056418873369693756,0.04829518496990204,-0.008162086829543114,0.057565320283174515
250,0.057438962161540985,0.003259483026340604,0.021464811637997627,-0.11272743344306946
251,-0.04442233592271805,0.056982845067977905,0.008509719744324684,-0.07895870506763458
252,-0.17563536763191223,0.13664774596691132,-0.027235103771090508,-0.009821410290896893
253,0.07516197860240936,-0.09614447504281998,0.06905797868967056,-0.12163770943880081
254,-0.19286632537841797,-0.04909329488873482,-0.04885723814368248,0.1337355077266693
255,-0.051424626260995865,0.14102771878242493,-0.026812653988599777,0.18066556751728058
256,0.0290463175624609,0.18451076745986938,0.029450446367263794,-0.056948471814394
257,0.07102721184492111,-0.06978968530893326,-0.0762847512960434,0.09201259911060333
258,-0.17266632616519928,-0.12573456764221191,0.16699829697608948,-0.09877905249595642
259,-0.11800017952919006,0.07321196049451828,0.07994451373815536,0.04268980398774147
260,-0.035138681530952454,-0.07063058763742447,-0.04158546030521393,0.015063123777508736
261,-0.1123829036951065,-0.03654494136571884,-0.10240838676691055,-0.11534836143255234
262,-0.008559967391192913,-0.11525693535804749,-0.1549295037984848,-0.020882297307252884
263,0.060533177107572556,-0.009398153983056545,-0.08565500378608704,0.0008968914044089615
264,-0.05554597079753876,-0.011258707381784916,-0.0377378948032856,0.0671447142958641
265,0.009966847486793995,-0.02033373713493347,-0.04937996715307236,-0.03243251144886017
266,0.0013149324804544449,-0.08550368994474411,0.08003510534763336,-0.008490733802318573
267,-0.044010262936353683,0.06792134046554565,-0.01842140406370163,0.021628698334097862
268,0.02946740761399269,0.025536151602864265,-0.1718621402978897,0.051065392792224884
269,-0.052233871072530746,-0.025274265557527542,-0.13220421969890594,-0.04110658913850784
270,0.08502335101366043,0.05090103670954704,0.036061905324459076,0.011133023537695408
271,0.07236495614051819,-0.014398819766938686,-0.10332714021205902,-0.0024884215090423822
272,-0.00085739407222718,-0.06998492777347565,-0.03223155066370964,0.013334264047443867
273,0.12287722527980804,-0.09669558703899384,-0.008458134718239307,-0.014585110358893871
274,0.11923141032457352,0.08948647230863571,0.005010116845369339,-0.07467436790466309
275,-0.0486777201294899,0.06520659476518631,-0.14014843106269836,-0.023602234199643135
276,0.08703922480344772,0.04154950752854347,0.17033442854881287,-0.09603492170572281
277,0.08843087404966354,0.019785670563578606,-0.017731180414557457,0.010327729396522045
278,-0.11810514330863953,0.07028188556432724,0.032452356070280075,0.11117800325155258
279,-0.020616287365555763,0.04875494912266731,0.06734329462051392,0.10329646617174149
280,-0.035419803112745285,0.10618992894887924,-0.05770088732242584,0.009224417619407177
281,-0.14066217839717865,0.04227115213871002,-0.0450189970433712,0.0067261760123074055
282,0.016776088625192642,0.1639358401298523,-0.0004178264643996954,0.07374934107065201
283,-0.015981823205947876,0.19802160561084747,0.10431213676929474,-0.09557542204856873
284,0.06773551553487778,0.021763628348708153,-0.012519706040620804,0.026032855734229088
285,-0.04993082582950592,0.04230223968625069,0.079803965985775,-0.0036169802770018578
286,0.057471465319395065,-0.1566675752401352,0.04931146651506424,-0.15561744570732117
287,0.1398552656173706,-0.07619801163673401,-0.022836731746792793,-0.09867557138204575
288,-0.12460782378911972,-0.14810249209403992,-0.07896417379379272,0.0008870988385751843
289,-0.07988153398036957,-0.0980243906378746,0.04778062924742699,0.004998699761927128
290,-0.0538184829056263,0.0351286306977272,-0.03267597779631615,0.09095405787229538
291,-0.023944474756717682,0.10250139236450195,0.08771982789039612,0.14786465466022491
292,0.06493120640516281,0.00980863906443119,-0.06363295763731003,-0.055046770721673965
293,0.09865356236696243,-0.09814197570085526,-0.02829667553305626,0.0912676453590393
294,-0.13954824209213257,-0.008309976197779179,0.10003286600112915,-0.02049851603806019
295,-0.023619486019015312,0.036609213799238205,0.09029922634363174,0.017567981034517288
296,-0.07930542528629303,-0.1340879201889038,0.10698888450860977,0.13568200170993805
297,0.01799621805548668,0.0044611720368266106,0.058812983334064484,0.048602256923913956
298,0.15146949887275696,-0.050377536565065384,-0.012067144736647606,0.033686574548482895
299,0.03264499083161354,0.01807405985891819,-0.0506092831492424,-0.014637032523751259
300,0.129857137799263,0.02080693654716015,0.06075374037027359,0.027017297223210335
301,0.03103877790272236,-0.018441781401634216,-0.0747862234711647,0.12590977549552917
302,-0.026400825008749962,0.03204861655831337,-0.025963179767131805,-0.10936353355646133
303,-0.03490199148654938,5.9302215959178284e-05,0.09841517359018326,-0.03519502654671669
304,-0.1548275202512741,0.014413322322070599,0.07005906105041504,0.03228377923369408
305,0.0009455502731725574,-0.12666229903697968,0.005516486708074808,-0.033492688089609146
306,0.004178284201771021,-0.011319068260490894,0.003369077341631055,0.049169011414051056
307,-0.03810112178325653,0.013383368030190468,0.018389219418168068,0.04401499032974243
308,0.10024778544902802,-0.048824869096279144,0.13861843943595886,-0.04843471944332123
309,0.15508495271205902,0.14796650409698486,0.0004571634344756603,-0.023242319002747536
310,0.08265814930200577,0.02259993925690651,0.029808171093463898,-0.05954762548208237
311,0.05622975155711174,-0.08927478641271591,-0.06647898256778717,-0.07378202676773071
312,-0.06327053904533386,0.03847048431634903,-0.022891037166118622,0.04143032804131508
313,0.05375504866242409,-0.12676583230495453,0.00872580986469984,-0.05957568809390068
314,-0.03507405146956444,-0.04253567010164261,0.06614281982183456,0.01999051123857498
315,0.06787827610969543,0.06195580214262009,0.07136347889900208,0.006640039850026369
316,0.03814799711108208,-0.05759106203913689,-0.06359301507472992,0.007556824944913387
317,-0.07446689158678055,-0.025795234367251396,0.04624791443347931,0.024120213463902473
318,0.04033570736646652,-0.06506001949310303,-0.04621484503149986,0.03091478906571865
319,0.014457432553172112,-0.08191107958555222,-0.07487665116786957,-0.07004020363092422
320,0.05795961990952492,-0.09575344622135162,-0.0014371549477800727,-0.08605357259511948
321,-0.029979301616549492,0.048793330788612366,0.06900352984666824,-0.029641905799508095
322,0.07849319279193878,-0.003386820200830698,-0.010573187842965126,-0.04291767627000809
323,0.01575333997607231,0.024692948907613754,0.01841258630156517,0.03144913166761398
324,-0.02840939164161682,-0.010995729826390743,-0.08336315304040909,-0.05820659548044205
325,0.16498586535453796,0.03457556664943695,0.10328977555036545,0.0014203774044290185
326,-0.018730638548731804,0.029235655441880226,-0.01829666458070278,-0.0933176577091217
327,0.013538102619349957,0.08218270540237427,-0.02381567284464836,-0.1326436549425125
328,0.0152454087510705,0.023173026740550995,0.05876830592751503,0.06824993342161179
329,-0.08556392788887024,-0.013421694748103619,-0.0300991740077734,0.05216556787490845
330,-0.023576660081744194,0.1117727980017662,-0.050912871956825256,0.053703855723142624
331,-0.0643804743885994,0.027956342324614525,0.08831298351287842,0.034416042268276215
332,-0.06471721827983856,0.04487880691885948,0.011377706192433834,0.019467957317829132
333,-0.009106645360589027,-0.06039677932858467,-0.047626178711652756,-0.002726616570726037
334,0.0004140516684856266,-0.010669582523405552,-0.033106639981269836,0.0838780328631401
335,-0.11358151584863663,0.03627787530422211,-0.024318022653460503,-0.033056020736694336
336,-0.003526573535054922,0.09072074294090271,-0.09782377630472183,-0.04239768907427788
337,0.031251415610313416,0.0018295306945219636,-0.025393040850758553,0.019249357283115387
338,0.12074869871139526,0.13919682800769806,0.11863981932401657,0.013026321306824684
339,0.0554426908493042,-0.03607477247714996,-0.01028398796916008,0.002191659528762102
340,-0.08425953984260559,-0.118190698325634,-0.06106540560722351,-0.018445264548063278
341,-0.03328556939959526,-0.012884082272648811,0.011002209968864918,0.015760639682412148
342,-0.0782158225774765,-0.0018535371636971831,-0.061926502734422684,0.029138434678316116
343,0.03413456678390503,0.06582245975732803,-0.0870465487241745,-0.0033820171374827623
344,-0.03834594786167145,0.0047865998931229115,0.012102237902581692,-0.045012056827545166
345,-0.06518007814884186,-0.02320406585931778,-0.03956107050180435,0.05954834073781967
346,-0.06947296112775803,-0.0006044780020602047,-0.03480788692831993,0.028654130175709724
347,-0.03333307057619095,-0.014798796735703945,-0.0659312978386879,0.004999845288693905
348,0.014442774467170238,-0.024306004866957664,0.03648895397782326,0.04334985464811325
349,-0.17895875871181488,-0.03563651442527771,-0.07072276622056961,0.05522942543029785
350,-0.07105255872011185,0.02745199389755726,-0.12866848707199097,0.029095957055687904
351,-0.09342292696237564,-0.05131836235523224,0.016722043976187706,0.04295003041625023
352,-0.03463767096400261,0.016551433131098747,0.018253443762660027,-0.007000028621405363
353,-0.0072283195331692696,-0.07603803277015686,-0.14753301441669464,-0.06884513795375824
354,-0.10310088843107224,-0.04303622618317604,0.06073907017707825,0.020143328234553337
355,0.010161382146179676,0.05628800764679909,-0.0018551849061623216,-0.06288478523492813
356,-0.09646948426961899,-0.037373922765254974,-0.03626421466469765,0.05936198681592941
357,0.007210926618427038,0.11999952048063278,-0.0034271059557795525,-0.013899320736527443
358,0.02655022405087948,0.05892874300479889,-0.008483827114105225,-0.045620646327733994
359,-0.05901959538459778,0.03971640393137932,-0.026353303343057632,-0.028971591964364052
360,0.0102616548538208,0.030312737450003624,-0.0637832060456276,0.015849493443965912
361,0.029081221669912338,-0.025621555745601654,0.04293271154165268,-0.09197388589382172
362,-0.03031398169696331,0.0075841741636395454,-0.02898579277098179,0.018500979989767075
363,0.0061216652393341064,-0.1395491063594818,0.0719793289899826,-0.021449510008096695
364,0.011301560327410698,-0.05425504967570305,-0.021681224927306175,-0.031181158497929573
365,-0.019420281052589417,0.05612151697278023,0.04605483636260033,0.03756535053253174
366,0.00870989914983511,-0.1085391566157341,0.029268017038702965,-0.08666051924228668
367,-0.07259564846754074,-0.00855201669037342,-0.06672251224517822,0.12081233412027359
368,0.03216886520385742,0.04984210059046745,0.06805256754159927,0.05908992886543274
369,0.025423044338822365,-0.03189530596137047,-0.05533841997385025,-0.06593582779169083
370,-0.11547856777906418,-0.03750620037317276,-0.08029652386903763,-0.003054934088140726
371,0.055708955973386765,-0.12941396236419678,0.009826463647186756,-0.05893029645085335
372,0.08125020563602448,-0.10984350740909576,-0.014821549877524376,0.011485409922897816
373,0.018382394686341286,-0.09358318895101547,-0.04592243582010269,0.014162687584757805
374,0.08032118529081345,-0.008013644255697727,0.002346430439502001,-0.026848547160625458
375,-0.0803823247551918,0.08376741409301758,-0.03598981723189354,0.0003608116239774972
376,0.027200058102607727,0.01716754399240017,0.11116818338632584,-0.09023505449295044
377,0.04989711940288544,0.06471097469329834,0.00420475285500288,0.032641541212797165
378,0.005535256117582321,-0.11500807106494904,-0.01313134003430605,0.041380781680345535
379,0.02717442438006401,-0.06577648222446442,0.05785699933767319,-0.01861114241182804
380,0.004709417931735516,0.09142392128705978,-0.01395543571561575,-0.018166441470384598
381,0.06293262541294098,0.07021813094615936,0.06398791819810867,-0.038811299949884415
382,-0.0017216188134625554,-0.03098767250776291,-0.033071368932724,-0.04665016382932663
383,-0.009706883691251278,-0.030093519017100334,-0.00045996822882443666,-0.021626753732562065
384,0.0002018209925154224,0.007282289210706949,-0.014163167215883732,0.11286235600709915
385,-0.08763320744037628,-0.0633355900645256,-0.06758051365613937,0.026432838290929794
386,0.011766133829951286,0.03179122507572174,0.06321558356285095,-0.01928429864346981
387,0.0004918014747090638,0.009828783571720123,0.08857724070549011,0.02157765068113804
388,-0.037021391093730927,0.0457538440823555,-0.04546603187918663,0.016561727970838547
389,-0.08361706882715225,0.0960649698972702,-0.0022287622559815645,0.04766186326742172
390,-0.02586377039551735,0.04310431331396103,0.018480774015188217,0.010786590166389942
391,0.07565927505493164,-0.03038080222904682,-0.06415810436010361,-0.004088797140866518
392,0.0720951035618782,-0.02431078627705574,0.007647166959941387,-0.057563018053770065
393,0.019524376839399338,0.037863150238990784,-0.0046758344396948814,0.07520804554224014
394,-0.06381358206272125,-0.01088281162083149,-0.04759844392538071,0.060014307498931885
395,-0.017560916021466255,0.021763550117611885,-0.03360754996538162,-0.014236594550311565
396,-0.025451507419347763,0.005906763486564159,0.02785431779921055,0.030976397916674614
397,0.11334940791130066,0.014193006791174412,0.01451833825558424,-0.05409613624215126
398,-0.07740966975688934,0.005556981544941664,-0.011278940364718437,-0.006228540558367968
399,-0.01375819742679596,0.09018535912036896,0.09130764752626419,0.026864787563681602
400,-0.073398157954216,-0.0290682390332222,0.009000017307698727,-0.010312361642718315
401,0.02572702057659626,-0.006755692884325981,0.0031455992721021175,-0.009600439108908176
402,0.036278318613767624,-0.009854151867330074,0.017900366336107254,0.037684306502342224
403,-0.018981965258717537,0.02454117126762867,0.004945625551044941,-0.0311847273260355
404,0.06802986562252045,-0.0041391258127987385,0.04574448987841606,-0.04454148933291435
405,-0.031528256833553314,-0.02020222879946232,-0.053850606083869934,0.0386759452521801
406,-0.0068006496876478195,0.03596523776650429,-0.013311373069882393,0.01867591217160225
407,-0.007901792414486408,-0.05453482270240784,0.004381065256893635,-0.018050534650683403
408,-0.020076889544725418,0.014548955485224724,0.03137660399079323,-0.06276409327983856
409,0.012709876522421837,0.04650997743010521,0.04798910394310951,-0.010990332812070847
410,0.048768457025289536,-0.018736938014626503,0.0158682968467474,-0.032810311764478683
411,-0.015687471255660057,-0.03656427189707756,0.010018019005656242,0.05407606437802315
412,-0.04836404323577881,0.05428127199411392,0.04592052847146988,0.0661683902144432
413,0.03864385187625885,0.05214463919401169,0.05152334272861481,0.06024782732129097
414,-0.03121206723153591,0.027064243331551552,0.010330761782824993,0.003603970631957054
415,0.021715626120567322,-0.034011512994766235,0.018746858462691307,-0.0006097142468206584
416,0.023328009992837906,-0.006987191736698151,0.01351376622915268,0.1037808507680893
417,-0.07227455824613571,0.026588240638375282,0.043394509702920914,0.04416000470519066
418,0.0766768604516983,-0.036383114755153656,0.008121487684547901,-0.012678524479269981
419,-0.02524159662425518,0.016927476972341537,0.05540433153510094,0.02145577222108841
420,-0.009222391061484814,0.015396876260638237,0.017079418525099754,-0.03359520062804222
421,0.026133012026548386,-0.02450072020292282,0.048527784645557404,0.02519053779542446
422,0.05719197914004326,0.028786368668079376,-0.026682885363698006,-0.022498078644275665
423,0.053445857018232346,0.05505358427762985,-0.01114716101437807,-0.0002806163392961025
424,0.0050536529161036015,0.031741414219141006,0.05388069525361061,-0.024780452251434326
425,-0.0035495625343173742,-0.007755621336400509,0.025502877309918404,-0.012174900621175766
426,-0.022256510332226753,-0.019785001873970032,0.013203069567680359,0.054953139275312424
427,-0.05113599821925163,0.06684105098247528,-0.01567266136407852,0.00982622615993023
428,0.027081400156021118,-0.011387293227016926,0.029613183811306953,-0.004960143007338047
429,0.06979600340127945,-0.09500212967395782,0.032090749591588974,-0.05630442127585411
430,0.03212105110287666,0.006764969788491726,0.02406907267868519,-0.005209112539887428
431,0.04789581522345543,0.015963219106197357,-0.059470295906066895,0.021492572501301765
432,0.000986322876997292,0.010556050576269627,0.013037867844104767,0.033341702073812485
433,-0.01800210401415825,-0.05223974958062172,-0.005393157713115215,0.018704425543546677
434,0.036242224276065826,0.026449883356690407,0.02305767312645912,9.018517448566854e-05
435,-0.001585520920343697,-0.01101684756577015,0.038626525551080704,-0.024554243311285973
436,-0.0633254125714302,0.0076364995911717415,-0.03951883316040039,0.013733982108533382
437,-0.024653756991028786,0.009461995214223862,0.04663090780377388,0.09508509188890457
438,0.016753647476434708,-0.03641743212938309,-0.018229613080620766,-0.01256069727241993
439,-0.043192245066165924,-0.008796870708465576,-0.07298589497804642,0.008778001181781292
440,-0.05806155502796173,-0.09712681919336319,0.03742044046521187,0.042150337249040604
441,-0.0695839449763298,-0.01395015511661768,0.011958550661802292,-0.015461470931768417
442,0.09278023988008499,-0.02584541216492653,-0.005807704292237759,-0.0778895914554596
443,-0.02563987858593464,-0.00011307102249702439,-0.04919789358973503,-0.038282282650470734
444,-0.013026879169046879,-0.05818812921643257,-0.060665760189294815,-0.023748477920889854
445,0.028207410126924515,0.004899230320006609,-0.012672952376306057,0.046764858067035675
446,0.02359999530017376,0.034035444259643555,0.022881370037794113,0.04325830191373825
447,0.04376785457134247,-0.012268312275409698,0.00030484399758279324,0.0017798058688640594
448,-0.020073115825653076,-0.022437455132603645,-0.02488916739821434,0.013639366254210472
449,0.014747661538422108,-0.022705579176545143,0.011896749958395958,0.020601972937583923
450,0.0149969682097435,0.004163424950093031,0.04136026278138161,0.02920990251004696
451,-0.014666418544948101,0.024080222472548485,0.010559423826634884,0.011504705995321274
452,0.008033622987568378,-0.01450610626488924,-0.0015855111414566636,-0.054425936192274094
453,0.010643955320119858,-0.06644663959741592,-0.041311800479888916,-0.0070382156409323215
454,-0.056218184530735016,-0.04058890417218208,-0.02541515976190567,0.022572273388504982
455,0.013560362160205841,-0.020135192200541496,0.0029531060717999935,0.020397350192070007
456,-0.07960028201341629,-0.049812912940979004,0.003058329224586487,0.0430363230407238
457,0.041440971195697784,0.04448872432112694,-0.006849777884781361,0.010961313731968403
458,0.04230509325861931,0.01071771327406168,0.04551827162504196,0.04171827808022499
459,-0.028046932071447372,-0.04640772566199303,0.018019968643784523,-0.033547066152095795
460,-0.021830964833498,-0.0037017827853560448,-0.023792902007699013,0.011845765635371208
461,-0.04060666635632515,0.036540303379297256,0.07778345793485641,0.051195062696933746
462,0.014492365531623363,0.0018793331691995263,0.01780669577419758,-0.008621235378086567
463,0.030050257220864296,-0.013735503889620304,-0.012465409003198147,0.008159794844686985
464,0.007799811661243439,-0.04576105251908302,0.0035548817832022905,0.02009827271103859
465,-0.016496866941452026,-0.01284866128116846,-0.01871912181377411,-0.03830275684595108
466,0.025599267333745956,0.017480110749602318,-0.026280028745532036,-0.02268650196492672
467,-0.009888106025755405,0.0384841226041317,0.047920458018779755,0.021775219589471817
468,0.02213888429105282,0.02732834592461586,0.10135436803102493,0.0028930336702615023
469,-0.05278016999363899,-0.05055438354611397,0.0675792396068573,-0.029305104166269302
470,-0.01249421015381813,0.007648104801774025,-0.029084915295243263,-0.01080657634884119
471,0.004149485379457474,-0.00990307331085205,-0.0035307800862938166,0.022095371037721634
472,-0.007840324193239212,0.05071549862623215,0.020358873531222343,0.04141702502965927
473,0.006468819919973612,0.015415791422128677,-0.022727234289050102,-0.02037772908806801
474,0.0430627278983593,0.040376584976911545,0.0024528333451598883,-0.013976012356579304
475,-0.021350117400288582,0.04819241911172867,-0.024603843688964844,0.01878654770553112
476,-0.007308640517294407,-0.011454850435256958,0.03092600405216217,-0.028281230479478836
477,0.006941649131476879,-0.03963027521967888,-0.0008520772680640221,-0.03772229701280594
478,-0.008053858764469624,0.0008267281809821725,0.05597924813628197,-0.034906353801488876
479,0.048488546162843704,0.03020242042839527,0.0075958785600960255,-0.07150887697935104
480,-0.02279101498425007,0.05457423999905586,-0.01883414387702942,-0.0034916887525469065
481,0.008505106903612614,-0.03430047258734703,-0.010075313970446587,-0.036983415484428406
482,-0.012529502622783184,0.05804163217544556,0.014214607886970043,0.015551171265542507
483,-0.035947415977716446,0.08257871121168137,-0.03111674077808857,0.03189222887158394
484,0.039142392575740814,0.004715812858194113,-0.00876095611602068,0.025187917053699493
485,0.021253511309623718,0.010863927192986012,-0.041754502803087234,-0.04105136916041374
486,-0.03460916504263878,-0.025228219106793404,-0.052024368196725845,-0.0030056184623390436
487,0.012891441583633423,0.0012557938462123275,-0.024415522813796997,0.004204510245472193
488,0.04214688763022423,0.009537375532090664,-0.03299792855978012,-0.03629598766565323
489,-0.02057828940451145,-0.03158901631832123,-0.012191935442388058,-0.029587717726826668
490,-0.028022831305861473,-0.0247278343886137,-0.04105038195848465,-0.01785895600914955
491,-0.019642353057861328,0.0042011016048491,0.01571938954293728,0.012626802548766136
492,-0.032531943172216415,-0.07334470003843307,-0.0369945764541626,-0.007388392463326454
493,-0.06485763192176819,0.011369775980710983,-0.013515928760170937,-0.008310660719871521
494,0.0240891445428133,0.01990399695932865,0.0027176756411790848,-0.016115406528115273
495,0.005752874538302422,-0.02013145573437214,-0.022960146889090538,0.00722404895350337
496,-0.04897923767566681,-0.0374247170984745,-0.050625309348106384,0.0203289482742548
497,-0.032630641013383865,-0.016957281157374382,-0.02837924286723137,0.057210031896829605
498,-0.039826519787311554,0.01207281555980444,-0.01788625679910183,0.051339808851480484
499,0.006009518168866634,-0.03239939361810684,-0.028588607907295227,0.01239282451570034
500,0.03540296107530594,0.0368354506790638,0.012680803425610065,0.011342747136950493
501,0.053351305425167084,0.02113058790564537,0.007322816643863916,-0.023780211806297302
502,0.003409545635804534,0.042941536754369736,0.0034674687776714563,0.005288314074277878
503,0.029018552973866463,-0.01791563257575035,-0.0034323844593018293,-0.023972084745764732
504,0.009238078258931637,-0.05521214380860329,-0.014778593555092812,-0.022873777896165848
505,-0.04703129455447197,0.027129411697387695,0.03147883713245392,-0.040528278797864914
506,0.0482170395553112,-0.034447286278009415,-0.005651168059557676,-0.05721786618232727
507,0.023249872028827667,-0.01062814798206091,-0.002214017789810896,-0.007120724301785231
508,0.004625048488378525,-0.009319977834820747,-0.03275204077363014,0.005593250505626202
509,-0.009406033903360367,0.03117392584681511,-0.008281729184091091,-0.04555065184831619
510,0.00024300890800077468,-0.008569804951548576,-0.02324315905570984,0.037820734083652496
511,-0.0108555993065238,-0.0014012046158313751,0.014683658257126808,0.00961179006844759
512,0.024425577372312546,0.018651146441698074,0.00607151398435235,-0.09396469593048096
513,-0.017825571820139885,0.030220579355955124,-0.03356494382023811,-0.031113814562559128
514,-0.09296274185180664,-0.03991589695215225,-0.029963387176394463,-0.029621416702866554
515,0.017658023163676262,-0.05712631344795227,-0.0157355647534132,0.004862593021243811
516,0.06691484898328781,-0.00013942175428383052,-0.013170862570405006,0.02716444805264473
517,-0.024421170353889465,-0.0057388911955058575,-0.011388844810426235,0.03451475501060486
518,0.027231868356466293,-0.021337343379855156,-0.014126569963991642,0.0061104255728423595
519,0.0008740314515307546,-0.012072024866938591,-0.03921479359269142,0.0069821542128920555
520,-0.009077527560293674,0.005013374146074057,-0.023217111825942993,0.009928591549396515
521,0.024301595985889435,-0.0011728600366041064,0.0013741517905145884,-0.02253263257443905
522,0.014291753992438316,-0.02202882245182991,-0.003002909244969487,-0.04654669016599655
523,-0.020598964765667915,0.005592506378889084,-0.039437323808670044,0.012508129701018333
524,0.021285414695739746,0.018368404358625412,0.03309905156493187,0.03543553873896599
525,-0.04830791428685188,0.025033826008439064,0.007093627471476793,0.005889976862818003
526,-0.015155834145843983,0.024131249636411667,-0.02756229043006897,0.016909578815102577
527,-0.0026154869701713324,-0.03367689624428749,0.01376472320407629,-0.004437824245542288
528,-0.01032685674726963,-0.028391165658831596,0.008973064832389355,-0.005515220109373331
529,0.04185840114951134,0.04688839614391327,0.03231346979737282,-0.017062002792954445
530,0.013487688265740871,0.00867516454309225,-0.05276704207062721,-0.007945467717945576
531,0.008172168396413326,0.00033234714646823704,0.008955194614827633,0.03329330310225487
532,0.016199253499507904,0.02937992662191391,0.04967806488275528,0.0115123325958848
533,0.0136936716735363,-0.0022859873715788126,0.020133905112743378,-0.004369174130260944
534,-0.012934883125126362,0.013361007906496525,0.014423434622585773,0.012741612270474434
535,0.030216213315725327,0.012484467588365078,-0.0242910236120224,-0.038392920047044754
536,0.03446454182267189,-0.01225240994244814,-0.00031499372562393546,-0.015399908646941185
537,0.02158975414931774,0.0024846980813890696,0.012265282683074474,0.027366621419787407
538,-0.005605765618383884,-0.00586716877296567,-0.013473392464220524,0.029512077569961548
539,0.01471732184290886,0.037419162690639496,-0.01691986247897148,0.007055987138301134
540,-0.023690076544880867,0.01635582186281681,-0.0071004233323037624,0.015470772981643677
541,-0.07636464387178421,-0.07389507442712784,0.0008266913937404752,0.029624873772263527
542,-0.011776919476687908,0.010174126364290714,0.025650575757026672,-0.016363874077796936
543,0.016726341098546982,0.0026787950191646814,-0.025413770228624344,0.005580673925578594
544,0.018155941739678383,0.0013386588543653488,0.004771353676915169,0.008682392537593842
545,0.023083940148353577,0.007583333645015955,0.01951546221971512,-0.04026317596435547
546,0.00446567265316844,0.021470272913575172,0.04173868149518967,-0.011411185376346111
547,0.0005425398703664541,-0.03404810279607773,-0.07089586555957794,0.044260475784540176
548,-0.008567292243242264,-0.012562494724988937,-0.023900767788290977,0.008722111582756042
549,0.0017203629249706864,-0.011669565923511982,-0.019530877470970154,-0.015006644651293755
550,0.018024122342467308,0.00780712952837348,-0.03780939429998398,-0.006792435422539711
551,0.03592093661427498,-0.016122005879878998,-0.009771687909960747,-0.034744713455438614
552,0.0030629129614681005,-0.01113421842455864,-0.03012233041226864,0.0012057180283591151
553,0.02373921498656273,0.00923166237771511,-0.013470790348947048,0.006471376866102219
554,0.002974797273054719,-0.010088639333844185,0.0013295375974848866,0.0035574613139033318
555,-0.036980971693992615,-0.013663494028151035,-0.007168521173298359,-0.0010228799656033516
556,0.0021628430113196373,0.004031165968626738,-0.010958472266793251,0.015643632039427757
557,-0.025973813608288765,0.008709700778126717,-0.0066165323369205,-0.0005000469391234219
558,0.025571011006832123,0.03422563523054123,-0.016285134479403496,-0.011566086672246456
559,0.002381836762651801,-0.04562246426939964,0.03224128112196922,-0.010209865868091583
560,-0.01689460687339306,0.030222563073039055,-0.01596752740442753,-0.007385715842247009
561,0.02270766720175743,0.04274848476052284,-0.008233255706727505,-0.0213143453001976
562,0.0006329241441562772,0.011155574582517147,0.008740231394767761,0.024100907146930695
563,0.01031219121068716,0.012814945541322231,0.030091021209955215,0.04862230643630028
564,0.02217809297144413,0.01686497963964939,0.0402265228331089,0.024168506264686584
565,-0.02001854218542576,0.0034734439104795456,0.015018130652606487,0.015369286760687828
566,-0.00641552172601223,-0.021261656656861305,0.028721991926431656,0.00691344914957881
567,0.0267262551933527,0.0011949633480980992,0.014635895378887653,0.01995793916285038
568,-0.01271138060837984,-0.02724960446357727,-0.023480137810111046,0.03278810903429985
569,-0.026220077648758888,-0.013601414859294891,0.009490793570876122,0.026088794693350792
570,0.0024509099312126637,0.000797097512986511,-0.00802900455892086,-0.01187334954738617
571,-0.008165824227035046,-0.032368969172239304,-0.011672953143715858,-0.001636328175663948
572,0.0017931382171809673,-0.006961815990507603,0.00900698360055685,-0.008610880002379417
573,0.031738992780447006,0.02511412650346756,-0.006044447887688875,-0.002940164413303137
574,-0.03192427009344101,0.011438773013651371,0.017432065680623055,-0.002858232706785202
575,-0.004978938493877649,0.02149604633450508,-0.033096715807914734,-0.043351225554943085
576,0.026854228228330612,-0.017727497965097427,-0.029277171939611435,0.00935196690261364
577,-0.01039647776633501,-0.03179167956113815,0.021556928753852844,0.006059193518012762
578,0.00045612402027472854,0.0027212651912122965,0.019666466861963272,-0.0053458320908248425
579,-0.015042245388031006,-0.03440355509519577,-0.0008405218832194805,-0.007085403893142939
580,-0.04643148183822632,0.02295606955885887,0.006442924030125141,-0.01585380919277668
581,0.04758797585964203,0.023366516456007957,0.03178964555263519,-0.0012194213923066854
582,0.008178486488759518,-0.024678809568285942,0.0067904177121818066,0.02061748504638672
583,0.0340648852288723,0.006818845402449369,0.009587173350155354,0.001307391794398427
584,0.03431519865989685,0.01196209341287613,-0.007105326279997826,-0.002408793894574046
585,-0.031142210587859154,-0.004372081253677607,-0.011289786547422409,0.023244250565767288
586,-0.028520237654447556,-0.011703151278197765,-0.000719982897862792,0.01136066485196352
587,0.004456096328794956,-0.0013419190654531121,-0.005051644518971443,-0.012657824903726578
588,0.03861090913414955,0.01566329039633274,0.030414827167987823,-0.012723133899271488
589,-0.007827159017324448,-0.020655635744333267,0.0031802768353372812,-0.013360533863306046
590,-0.009172054938971996,-0.011522571556270123,0.010840078815817833,0.014735708013176918
591,-0.025123344734311104,0.01470954529941082,0.02290547639131546,-0.0010253711370751262
592,-0.03614911437034607,0.01573978178203106,0.012877166271209717,-0.010382886976003647
593,-0.00948846060782671,-0.005292084068059921,0.016255628317594528,-0.002262767869979143
594,-0.020849166437983513,0.013972911052405834,0.007551012560725212,-0.0020840840879827738
595,-0.02278473600745201,0.03197074681520462,-0.0038505473639816046,0.019611787050962448
596,-0.029117323458194733,0.023549916222691536,0.016349421814084053,0.025781206786632538
597,0.017687572166323662,-0.0016652509802952409,0.009381228126585484,-0.015199185349047184
598,0.010369495488703251,0.01918988674879074,0.019320202991366386,0.003922945819795132
599,0.02369227446615696,0.03538381680846214,0.015320365317165852,-0.0271003395318985
600,-0.008325663395226002,-0.01952642947435379,-0.00016837325529195368,0.0013847572263330221
601,-0.029024295508861542,0.014546886086463928,0.014284763485193253,-0.004354304634034634
602,0.018564539030194283,-0.008375716395676136,-0.002264239126816392,-0.0025512792635709047
603,-0.017897484824061394,0.004119363613426685,0.06047723442316055,0.018945781514048576
604,0.01725413091480732,-0.03060103952884674,0.015060455538332462,0.003246551612392068
605,0.024188006296753883,-0.02361244335770607,-0.03197375312447548,0.021337930113077164
606,0.00921723898500204,0.030924750491976738,0.03232434764504433,0.01340189203619957
607,0.015777582302689552,-0.0364515483379364,0.0028635505586862564,-0.02102990262210369
608,-0.010962922126054764,-0.0128928292542696,-0.002014168305322528,0.01425980869680643
609,-0.007386285811662674,-0.022637708112597466,-0.007887204177677631,0.013409608043730259
610,0.027919642627239227,-0.013550599105656147,-0.013437979854643345,-0.012958751060068607
611,0.009748841635882854,-0.0011900404933840036,-0.004162254743278027,-0.01279650442302227
612,0.042174048721790314,0.022573579102754593,-0.020276548340916634,0.0032828855328261852
613,0.018121128901839256,0.016371745616197586,0.010903691872954369,0.005298377480357885
614,0.019062455743551254,0.009234629571437836,-0.022001517936587334,-0.006067228503525257
615,-0.07018695026636124,0.02422521449625492,-0.019397029653191566,0.008009877987205982
616,-0.01565476320683956,0.025786438956856728,0.0274980366230011,-0.015181115828454494
617,0.03348813205957413,0.031958404928445816,0.01188591681420803,-0.0162470955401659
618,-0.027112578973174095,-0.005143948830664158,-0.011718206107616425,-0.021462665870785713
619,-0.0331626832485199,0.00028644484700635076,-0.005270445253700018,0.0005663367919623852
620,0.013855320401489735,0.013123882934451103,0.02160170115530491,-0.01474794466048479
621,0.026992397382855415,-0.021071432158350945,-0.014285472221672535,-0.019024863839149475
622,0.010103016160428524,0.004066164139658213,-0.004622125998139381,-0.00024593123816885054
623,0.00988086685538292,0.013301791623234749,-0.002564484253525734,-0.013226846233010292
624,-0.009506018832325935,-0.010145063512027264,0.009696082212030888,-0.023706618696451187
625,0.006949389353394508,-0.007451554760336876,0.011834675446152687,0.005359270144253969
626,-0.025828765705227852,-0.02238469012081623,-0.0049973828718066216,-0.008912434801459312
627,0.0008002202957868576,-0.009820477105677128,0.020992102101445198,-0.012592759914696217
628,0.005276162177324295,0.01520511507987976,-0.0030438413377851248,0.017289482057094574
629,-0.01296080369502306,0.007272630464285612,-0.010259590111672878,0.01197303831577301
630,-0.03554118797183037,-0.032758086919784546,-0.0238405279815197,-0.009779859334230423
631,-0.020535433664917946,-0.018421968445181847,-0.014329361729323864,0.02386518195271492
632,0.016915801912546158,-0.04088836535811424,-0.0006236339104361832,0.01015446987003088
633,-0.026245268061757088,0.00519727636128664,-0.0033649345859885216,-0.013871826231479645
634,-0.013227452524006367,0.021853722631931305,0.009146321564912796,-0.002989531261846423
635,0.02130933292210102,0.004629387985914946,-0.01837761700153351,0.011919934302568436
636,0.02075958624482155,-0.0006359142134897411,0.0025841346941888332,0.0007371896645054221
637,-0.0002160936564905569,-0.025096526369452477,-0.006520515773445368,-0.003984631970524788
638,-0.010410361923277378,-0.001142748980782926,-0.026922252029180527,0.001054252963513136
639,-0.015039583668112755,0.031175678595900536,0.004095354583114386,0.007079294417053461
640,-0.002757792128250003,0.002580983331426978,0.005331790074706078,0.012187076732516289
641,-0.010816792026162148,-0.007749597541987896,0.02235879935324192,-0.015150102786719799
642,-0.0037419996224343777,0.0035136830992996693,0.007072343025356531,-0.005482668988406658
643,0.008468978106975555,0.010995971038937569,0.017455091699957848,0.01175711490213871
644,0.0010036275489255786,0.0038254456594586372,0.017832176759839058,0.008291402831673622
645,0.027536502107977867,-0.0062547288835048676,0.010946846567094326,-0.014612828381359577
646,-0.025123577564954758,0.015171539969742298,-0.019139595329761505,0.001935013453476131
647,0.01755668967962265,-0.0064542717300355434,0.008115419186651707,-0.013175505213439465
648,0.0009465814800933003,0.013920487836003304,0.003111135447397828,0.027994666248559952
649,-0.01773138716816902,0.018309926614165306,0.004713427275419235,-0.0012469746870920062
650,-0.01851460710167885,0.01622253842651844,0.005392467603087425,-0.008948427625000477
651,-0.018272681161761284,-0.004257079213857651,0.001973583362996578,-0.030840111896395683
652,0.02093914896249771,0.002943820785731077,-0.0004928464186377823,-0.015080385841429234
653,0.01827855408191681,-0.011615592986345291,0.020934727042913437,0.001281443051993847
654,0.02174929343163967,-0.008629078976809978,-0.003959504887461662,-0.011741681955754757
655,-0.0021209779661148787,0.0075724758207798,-0.01940443180501461,0.0021247887052595615
656,-0.025205448269844055,-0.024974478408694267,0.010079777799546719,-0.0034107023384422064
657,-0.018257685005664825,0.00015597252058796585,0.002852059667930007,0.015379173681139946
658,0.024291006848216057,0.004001878201961517,0.03338933363556862,-0.007413376122713089
659,-0.00928253959864378,0.013224569149315357,0.02126297913491726,0.005785802379250526
660,-0.0034444723278284073,-0.01923675835132599,-0.012709392234683037,-0.008103770203888416
661,0.014712189324200153,-0.031060244888067245,-0.0074146767146885395,-0.025235407054424286
662,0.006746971048414707,-0.02606557309627533,-0.01178521104156971,-0.011419336311519146
663,-0.03784028813242912,-0.007500277366489172,-0.012911399826407433,-0.004671806003898382
664,0.008210068568587303,-0.00048109429189935327,-0.0022272621281445026,-0.0004958094214089215
665,0.014667807146906853,0.033039212226867676,0.007539988029748201,0.015846844762563705
666,0.005987211596220732,-0.0023924591951072216,-0.015051307156682014,0.005051543936133385
667,0.01531702559441328,-0.00556604377925396,0.016950692981481552,0.015168201178312302
668,0.009712504222989082,0.01934822089970112,0.010123285464942455,0.010344346985220909
669,0.0045821708627045155,0.005071995314210653,-0.01320559997111559,0.021434882655739784
670,0.015052729286253452,0.006783646065741777,-0.0013814165722578764,0.006107364781200886
671,-0.026226550340652466,-0.0003833421505987644,-0.011859183199703693,0.0012007206678390503
672,0.008543563075363636,0.016523603349924088,-0.01762165129184723,-0.00954727828502655
673,-0.003309748601168394,-0.017903847619891167,-0.022947389632463455,0.0062232064083218575
674,0.012329299934208393,-0.000990973669104278,0.0070794872008264065,0.011154052801430225
675,0.00953627098351717,-0.0023347639944404364,-0.011874798685312271,0.008631594479084015
676,-0.012381372042000294,-0.020597854629158974,-0.010432553477585316,-0.011832976713776588
677,0.006695710588246584,-0.011419725604355335,-0.017079822719097137,-0.006098213139921427
678,-0.002163378056138754,0.03223418816924095,-0.012328163720667362,0.02222602255642414
679,-0.01583203487098217,0.033023469150066376,0.015298698097467422,0.014292562380433083
680,0.014788844622671604,0.005211088340729475,0.008248121477663517,0.003694367129355669
681,0.017430445179343224,-0.0007610717439092696,-0.0024371922481805086,-0.00028196381754241884
682,-0.008736621588468552,-0.007930614054203033,-0.0007234931108541787,0.003458136459812522
683,0.01728021912276745,0.00379777024500072,-0.002263040281832218,-0.026987692341208458
684,0.03181969374418259,8.214977424358949e-05,-0.004808574449270964,-0.027097277343273163
685,0.00024955737171694636,-0.00944216363132,0.008172438479959965,-0.009501711465418339
686,0.00851008202880621,-0.00560012087225914,0.0052926610223948956,-0.0030652955174446106
687,0.00044195842929184437,0.009053084068000317,0.005969040561467409,0.0024861320853233337
688,-0.02835426852107048,0.010959580540657043,0.018127193674445152,-0.0004500958602875471
689,0.007041417062282562,0.022857174277305603,-0.011938679963350296,0.0018078756984323263
690,-0.007279215380549431,0.02110235206782818,-0.006094575859606266,0.009129148907959461
691,0.002047174144536257,0.011240668594837189,0.0012456226395443082,-0.004055396653711796
692,0.011161990463733673,-0.021952800452709198,-0.0012935303384438157,-0.005038807634264231
693,0.0018725270638242364,-0.004538894165307283,0.010067221708595753,-0.012286839075386524
694,-0.005187024362385273,0.0065117995254695415,0.0036045052111148834,0.0007851712871342897
695,-0.013726357370615005,0.013888134621083736,0.010739332996308804,-0.01842697709798813
696,-0.013627046719193459,0.017014266923069954,0.006333714816719294,0.007174236234277487
697,-0.012150583788752556,-6.967465014895424e-05,0.002188251819461584,0.013722490519285202
698,0.0022335515823215246,-0.002323542255908251,-0.0014485314022749662,0.009613489732146263
699,-0.0028680535033345222,0.0030969867948442698,0.007472610101103783,0.01926529034972191
700,-0.012352777644991875,0.007904702797532082,0.004068396054208279,0.006082796026021242
701,0.007759460713714361,0.01349090039730072,-0.0008430113666690886,0.007124414201825857
702,0.006247994024306536,0.0055593522265553474,-0.001243791077286005,0.011918247677385807
703,0.006400865502655506,-0.014255684800446033,-0.0034297937527298927,-0.0017027389258146286
704,0.001777604571543634,-0.0013980435905978084,0.0030684671364724636,0.002351660281419754
705,0.010413105599582195,0.00392497144639492,-0.00731239328160882,0.007982895709574223
706,0.021775633096694946,-0.011121658608317375,-0.014112510718405247,-0.01598753221333027
707,-0.01944388449192047,0.003356162691488862,0.005379830952733755,-0.006542413029819727
708,0.0012482133461162448,0.03314236178994179,0.0246229600161314,-0.003911406267434359
709,0.00685861287638545,-0.015297417528927326,-0.023009581491351128,-0.004093891941010952
710,-0.0090944217517972,-0.004773495718836784,0.007856565527617931,0.012326866388320923
711,-0.016719788312911987,0.0002748004626482725,0.017118867486715317,0.00022989411081653088
712,0.003710924182087183,-0.01570572704076767,-0.0008923955028876662,0.00042755395406857133
713,0.017712710425257683,-0.00732189929112792,-0.001996194012463093,-0.011418361216783524
714,0.009612364694476128,-0.03206142783164978,-0.005758300889283419,-0.02354908175766468
715,0.00690398458391428,0.005433475133031607,0.015848731622099876,-0.0035558384843170643
716,-0.014642436057329178,0.008150703273713589,-0.012303047813475132,0.01187302079051733
717,0.014637391082942486,-0.0067775617353618145,0.0038772954139858484,-0.007526429370045662
718,-0.01069736573845148,-0.008766533806920052,-0.000352603557985276,0.006942377425730228
719,0.005934392102062702,-0.009992532432079315,-0.011067413724958897,0.01254956889897585
720,-0.020131098106503487,0.008336907252669334,0.009740188717842102,-0.004113343078643084
721,-0.010950478725135326,-0.0119092408567667,-0.006852798629552126,-0.004565201234072447
722,0.00808509811758995,-0.00028177586500532925,-0.014838925562798977,-0.00023437249183189124
723,0.00951855257153511,0.006148071493953466,0.0008612353703938425,0.017450565472245216
724,0.017685839906334877,0.002296593738719821,-0.02177276648581028,-0.008307566866278648
725,0.012245134450495243,0.029097525402903557,0.014687648043036461,-0.02276925928890705
726,0.0006261012167669833,0.007909740321338177,0.004026026464998722,0.00435449555516243
727,0.011825328692793846,0.01523956935852766,0.015835614874958992,0.008817896246910095
728,0.004205980338156223,-0.004808295052498579,0.010654455982148647,-0.005558347795158625
729,0.0028796980623155832,0.00994974747300148,0.006823007948696613,-0.004226169548928738
730,0.036912187933921814,-0.0012940437300130725,-0.006254059262573719,-0.0035776307340711355
731,0.005744482856243849,0.005512392148375511,-0.021489767357707024,0.0057897805236279964
732,-0.011486825533211231,0.004040948115289211,-0.014130165800452232,0.004913035314530134
733,0.0066576553508639336,-0.009789220988750458,-0.017125286161899567,-0.010033559054136276
734,-0.008192437700927258,0.00685187429189682,0.01062778476625681,0.004875972401350737
735,-0.0024484347086399794,0.011167037300765514,-0.004788563121110201,-0.0023670336231589317
736,0.010585690848529339,-0.01594248041510582,0.005508562084287405,-0.005372665822505951
737,0.008356917649507523,0.00782101508229971,-0.011265440843999386,0.00938696414232254
738,0.0047774892300367355,0.01027909480035305,0.006439068354666233,0.011025155894458294
739,-0.013786961324512959,-0.004177456721663475,0.003895218251273036,-0.0020196563564240932
740,0.01936987042427063,0.010774186812341213,-0.025150103494524956,-0.0020629391074180603
741,0.0007691901992075145,0.021062340587377548,0.01390441320836544,-0.0038441484794020653
742,0.014176408760249615,0.01851905882358551,0.012698107399046421,0.002362169325351715
743,0.003746424335986376,0.00014619511784985662,0.015594040974974632,0.0014619930880144238
744,0.0032926357816904783,-0.004144471138715744,-0.004286428447812796,0.0008848488796502352
745,0.005011916626244783,-0.002586707007139921,-0.015943417325615883,0.007920511066913605
746,-0.01595653034746647,0.005857747979462147,-0.004542508628219366,0.0072316937148571014
747,0.01993529312312603,-0.023061053827404976,-0.004204484634101391,-0.0022975848987698555
748,-0.001809573732316494,-0.010193043388426304,-0.00981829408556223,-0.009371381253004074
749,-0.012701219879090786,-0.01113959588110447,-0.018746500834822655,-0.0056795962154865265
750,0.005602095741778612,0.013444740325212479,-0.002883435459807515,-0.017399650067090988
751,-0.0014707011869177222,0.01486116647720337,-0.011581609025597572,-0.00045726948883384466
752,0.0015173937426880002,0.00583559600636363,-0.002032608725130558,-0.012517076916992664
753,-0.026007238775491714,0.0018485714681446552,-0.000137814087793231,-0.001563675468787551
754,-0.002437493996694684,-0.007628432009369135,-0.002394961193203926,0.0050005060620605946
755,0.0022578947246074677,0.008723922073841095,-0.005112200975418091,-0.0017986922757700086
756,-3.102047412539832e-05,0.01472789328545332,0.0028346434701234102,0.005387431010603905
757,0.01914859190583229,-0.012886103242635727,0.013734651729464531,-0.012540098279714584
758,-0.0090536093339324,-0.012928985059261322,0.006658369675278664,0.006978963036090136
759,-0.011882667429745197,-0.006284509785473347,-0.005425972864031792,-0.005548983346670866
760,0.012251722626388073,0.004466354381293058,-0.0006059120059944689,-0.010184274055063725
761,0.002541590016335249,0.0008120864513330162,0.0058482009917497635,-0.011009186506271362
762,0.0006890353397466242,0.008660949766635895,0.018204839900135994,-0.001541595789603889
763,-0.003660313319414854,-0.006521794945001602,-0.00023399489873554558,0.007463048677891493
764,0.017517833039164543,-3.7800702557433397e-05,0.01643533445894718,0.0014800436329096556
765,-0.0011844872497022152,-0.00030136105488054454,0.002169995568692684,0.009668848477303982
766,-0.020373573526740074,-0.005236007738858461,-0.013089802116155624,0.004580989014357328
767,-0.009556211531162262,0.0012722790706902742,-0.005393709987401962,0.0028682714328169823
768,-0.003230744507163763,-0.003032984212040901,0.006740134209394455,0.009344414807856083
769,-0.0011382343946024776,0.005521477200090885,0.009432361461222172,0.012316644191741943
770,0.02045736461877823,0.004088503308594227,-0.008980401791632175,-0.0017465351847931743
771,0.0026237962301820517,0.007944704964756966,0.005898721981793642,0.003268186468631029
772,-0.004111022222787142,-0.023087648674845695,0.0004024687805213034,-0.010930033400654793
773,0.004078934900462627,-0.008858771994709969,-0.00565282441675663,0.007937495596706867
774,-0.021569065749645233,0.00958735030144453,0.011902514845132828,0.013461939059197903
775,-0.012806752696633339,0.008067069575190544,0.0018266408005729318,-0.013340695761144161
776,-0.014167122542858124,0.0056287189945578575,-0.014439309947192669,0.003605301957577467
777,0.014444447122514248,0.006647665053606033,0.006099390797317028,0.004130014684051275
778,-0.007876988500356674,-0.0009409004123881459,-0.006571343168616295,0.008126507513225079
779,-0.0045744022354483604,0.011050534434616566,-0.007632751949131489,-0.0042106471955776215
780,0.028911544010043144,0.021528635174036026,0.018228765577077866,-0.0020612517837435007
781,0.0008502581622451544,0.006588070187717676,0.002352995565161109,-0.011767021380364895
782,-0.014143315143883228,0.00345803564414382,0.0005066486774012446,-0.010219009593129158
783,-0.008377553895115852,0.006350838579237461,0.016769155859947205,0.009140881709754467
784,0.011365982703864574,0.002512447303161025,0.02039690501987934,-0.005769224371761084
785,0.007234770804643631,-0.0040476322174072266,-0.0031024387571960688,0.0006457226118072867
786,-0.007119380868971348,0.01450179610401392,-0.00764754693955183,0.001497710240073502
787,-0.0008352280710823834,0.0018426934257149696,-0.008609015494585037,-0.0004433784051798284
788,-0.011901592835783958,-0.00770270312204957,-0.012601213529706001,-0.0036044581793248653
789,0.007128791883587837,-0.0030424613505601883,0.010229745879769325,0.0002607494534458965
790,0.0023350983392447233,-0.005942477844655514,-0.0027902245055884123,0.009944968856871128
791,-0.016086943447589874,-0.009988954290747643,0.007313988637179136,-0.007237120531499386
792,-0.011594866402447224,-0.011417214758694172,-0.007054121699184179,0.0016202284023165703
793,-0.0012269978178665042,-0.005723816342651844,0.0011741049820557237,-0.004559412598609924
794,-0.0051990654319524765,-0.013847770169377327,0.004408676642924547,0.00020817741460632533
795,-0.006039099767804146,0.003972373902797699,-0.0003959104069508612,0.013715962879359722
796,0.004806297365576029,0.01345457136631012,-0.004279246088117361,0.00021224193915259093
797,-0.002872658893465996,0.0006903424509800971,-0.009706703014671803,-0.000748584745451808
798,-0.014068824239075184,-0.0011825067922472954,-0.009542870335280895,0.0015421928837895393
799,-0.0031272696796804667,-0.01421084813773632,-0.024947796016931534,0.007422799244523048
800,-0.007693243678659201,-0.008878806605935097,-0.0017289884854108095,-0.002852746983990073
801,0.0007151795434765518,-0.007159280125051737,0.013929909095168114,0.00219145929440856
802,0.0013771537924185395,-0.0033982950262725353,0.0024538773577660322,0.006059169303625822
803,0.014260583557188511,-0.011386452242732048,-0.005939306691288948,-0.0020003861282020807
804,0.009310930036008358,-0.014290106482803822,-0.0028386537451297045,-0.00031269030296243727
805,0.0020308424718677998,0.0031326953321695328,-0.006154569797217846,0.0005293093854561448
806,-0.0005659597809426486,0.0020945218857377768,0.0024221797939389944,-0.01594589836895466
807,0.004365089815109968,-0.00973435677587986,-0.01699640415608883,0.0013097727205604315
808,-0.0014080636901780963,0.014774136245250702,0.004364060703665018,0.010725941509008408
809,-0.013472611084580421,0.005325101315975189,0.014205673709511757,0.004550732672214508
810,0.004724775440990925,-0.007040536031126976,0.0035572752822190523,-0.0013050652341917157
811,5.8980654102924746e-06,0.007992655970156193,-0.0016198254888877273,0.00746110687032342
812,0.007171420846134424,-0.0024674907326698303,-0.004466454964131117,0.005583625286817551
813,0.0028143341187387705,-0.005214542616158724,-0.0010353612015023828,-0.004695978946983814
814,-0.001997483428567648,0.0068088010884821415,-2.0469935407163575e-05,-0.0037325143348425627
815,-0.004446893464773893,0.0052500199526548386,-0.005083195399492979,0.008252527564764023
816,-0.009557848796248436,0.005048039369285107,0.007080450654029846,-0.005668978206813335
817,0.00708552123978734,-0.007196264341473579,0.010506869293749332,-0.007064181379973888
818,0.0023057525977492332,-0.00045142046292312443,0.0022073013242334127,-0.007213825825601816
819,-0.003590240841731429,0.0008685680804774165,0.010822913609445095,0.0011229130905121565
820,0.01566459611058235,0.0002075186203001067,0.004312432371079922,-0.0033932782243937254
821,0.011307371780276299,0.005221925210207701,0.0001379582390654832,0.0038385603111237288
822,0.01395178958773613,0.010432692244648933,0.005937590729445219,0.005613500718027353
823,-0.0027045831084251404,0.010575059801340103,0.006504432763904333,0.0041087171994149685
824,-0.00572930695489049,-0.011139052920043468,-0.00541008822619915,0.002312076510861516
825,-0.007446110714226961,0.00446328753605485,0.004769014194607735,-0.007420720066875219
826,-0.0056629362516105175,-0.013306812383234501,-0.008591038174927235,-0.002737753326073289
827,0.0022690126206725836,-0.008475996553897858,-0.0014485823921859264,-0.014350422658026218
828,-0.014807564206421375,0.0057149319909513,-0.011096490547060966,0.002645631553605199
829,0.0034210565499961376,-0.006684879772365093,-0.0027439601253718138,-0.004425381775945425
830,-0.0032927137799561024,0.000592633499763906,-0.0026206732727587223,-0.0023490460589528084
831,-0.010833576321601868,-0.0075088487938046455,0.007520781364291906,0.003857889212667942
832,-0.00601518340408802,0.002505714539438486,-0.001968789380043745,0.0020280557218939066
833,-0.014050479978322983,0.008277625776827335,0.0026133647188544273,0.006179164629429579
834,-0.0035819190088659525,0.0008657537400722504,0.0037528688553720713,0.007526558358222246
835,0.0002481103001628071,0.013234992511570454,0.0032880061771720648,-0.003284498816356063
836,-0.0054865446873009205,0.00308552710339427,0.004092430230230093,0.0005495360819622874
837,0.0002024896675720811,0.0025560418143868446,0.003971195314079523,-0.0013935653259977698
838,0.005214442498981953,-0.004627613350749016,-0.0007564840489067137,-0.0012694979086518288
839,-0.003468669019639492,-0.014497959055006504,0.000732618966139853,0.008057668805122375
840,-0.009756827726960182,0.0017346299719065428,0.014409715309739113,0.001490543712861836
841,-0.014312522485852242,-0.004322722554206848,-0.001647320343181491,0.001500213984400034
842,-0.007661203853785992,0.001277631614357233,0.006692754570394754,-0.010910027660429478
843,0.00155282998457551,0.0025798610877245665,0.004882874898612499,0.0008768225670792162
844,-0.002765121404081583,0.00407005101442337,-0.006555529776960611,0.004201397765427828
845,0.0014790896093472838,-0.02103673294186592,-0.016409989446401596,-0.001325828256085515
846,0.003373366314917803,-0.012288798578083515,-0.001959633780643344,0.001474139979109168
847,-0.004172779619693756,0.003991589415818453,-0.00476369634270668,-0.0037708047311753035
848,-0.00890787597745657,0.010875600390136242,0.007755645085126162,0.004972164984792471
849,-0.0034141347277909517,0.00960646104067564,0.007241983897984028,0.0025886439252644777
850,0.0059423185884952545,-0.0011777880135923624,0.0022132964804768562,-0.0031135519966483116
851,0.013433313928544521,0.012094281613826752,0.0022202308755367994,-0.0017139534465968609
852,-0.003925393335521221,0.005541001912206411,0.00042628173832781613,0.007397821173071861
853,0.00314815784804523,0.0021587356459349394,0.005015149712562561,-0.011181718669831753
854,0.007298854645341635,0.0026550916954874992,-0.006220584735274315,0.0013415990397334099
855,0.009875049814581871,-0.008747701533138752,0.00257998239248991,-0.004401912912726402
856,0.0053141070529818535,-0.01224392931908369,0.0037513680290430784,0.004522945731878281
857,0.0015788287855684757,0.016261205077171326,0.008512855507433414,0.009515964426100254
858,0.0068420711904764175,-0.003986148163676262,-6.939793092897162e-05,-0.0023339102044701576
859,-0.0034422315657138824,-8.920810796553269e-05,-0.007042753975838423,0.0027905094902962446
860,-0.013315081596374512,0.0007860088953748345,-0.003722212743014097,0.011403867974877357
861,-0.00013444825890474021,-0.002711009234189987,0.005104945041239262,-0.004707598593086004
862,-0.0014658373547717929,-0.004878076259046793,0.0056075421161949635,-0.0016756963450461626
863,-0.00999122392386198,0.0047544678673148155,-0.0009811634663492441,-0.009424450807273388
864,-0.00032732696854509413,-0.0041088019497692585,0.0005863019614480436,-0.0106397345662117
865,0.0005477448576129973,-0.0036355017218738794,0.006884438451379538,-0.002889526542276144
866,0.002826130948960781,0.0028487336821854115,-0.0003195222816430032,-0.00526721216738224
867,0.0057909684255719185,0.010013805702328682,0.003048884915187955,0.007254120893776417
868,0.012933081947267056,0.0025496925227344036,0.006386869587004185,-0.0018800731049850583
869,0.00607113353908062,-0.0030264430679380894,0.005011299159377813,0.005827267188578844
870,-0.0003412622318137437,0.006943698041141033,-0.00475590443238616,0.004442215897142887
871,-0.0005471411277540028,-0.006337310187518597,-0.005794939585030079,-0.004358380567282438
872,-0.0016430348623543978,-0.00847116019576788,-0.0030630752444267273,-0.006113032344728708
873,-0.0076429033651947975,0.014413454569876194,0.0003940406604669988,0.0066601308062672615
874,-0.005588856525719166,0.00485131936147809,-0.008027108386158943,0.0007698602275922894
875,-0.005906811449676752,-0.012844623066484928,-0.009354112669825554,0.0028285523876547813
876,-0.0009371447958983481,-0.010729465633630753,0.0120808444917202,0.00293036550283432
877,-0.007849432528018951,-0.004950570873916149,-0.0037867578212171793,0.0005876267678104341
878,-0.0011399456998333335,-0.005269873887300491,0.0035939947701990604,0.00748442392796278
879,0.0011476429644972086,-0.01464538462460041,0.004414604976773262,-0.0046470630913972855
880,0.008101717568933964,0.0046752137131989,0.0075959740206599236,0.00162886967882514
881,-0.0022180303931236267,0.010149040259420872,0.007887518033385277,0.010824613273143768
882,0.0101417051628232,0.005640900693833828,0.00295557570643723,0.0018142199842259288
883,-0.0009461751324124634,-0.008893205784261227,-0.007487100549042225,0.000757715490180999
884,-0.01075825747102499,-0.002539787907153368,-0.0017378104384988546,-0.004674908705055714
885,0.000783466559369117,-0.0034184311516582966,-0.008397247642278671,-0.009901097975671291
886,-0.005952067207545042,-0.009302515536546707,-0.008771727792918682,-0.0035602517891675234
887,0.0024114816915243864,-0.0037251729518175125,-0.008968341164290905,-0.009624944999814034
888,0.0007604460115544498,0.0024909269995987415,-0.009170475415885448,0.005647461395710707
889,0.008049041032791138,0.006341853644698858,-0.0055883196182549,-0.0023966669104993343
890,0.005495147779583931,0.006482567172497511,0.0077267419546842575,0.0016532073495909572
891,-0.005106634460389614,-0.007599786855280399,-0.003592362627387047,0.0017798257758840919
892,-0.000788288249168545,-0.004988757893443108,-0.006348730530589819,0.0003570767294149846
893,-0.003183868480846286,0.009910316206514835,0.012450565584003925,-0.0018389535835012794
894,-0.006073652766644955,0.001735387253575027,-0.00924173928797245,0.005241177976131439
895,0.0070320297963917255,0.00021060097787994891,0.00395949836820364,0.002179705770686269
896,0.0036735835019499063,0.0023171298671513796,0.0049598561599850655,-0.0016498314216732979
897,-0.004752190317958593,-0.006725171580910683,-0.0017673122929409146,-0.0013170921010896564
898,0.0016104626702144742,-0.0007253268267959356,0.0003970431280322373,0.004709921777248383
899,-0.0022044151555746794,-0.00020762061467394233,-0.006066099274903536,0.011754877865314484
900,-0.003771137213334441,0.013218131847679615,0.0010154721094295382,-0.0004955355543643236
901,-0.0003631155414041132,0.006213975604623556,-0.002218197798356414,-0.013104356825351715
902,-0.0026786362286657095,-0.005211783107370138,-0.011154606007039547,-0.013787646777927876
903,0.0009625567472539842,-0.0019691833294928074,-0.0027127768844366074,-0.005454119760543108
904,-5.620876618195325e-05,-0.0007127249264158309,0.0005809444701299071,0.004890707787126303
905,-0.0035205266904085875,0.00674339197576046,0.008681872859597206,-1.5586869267281145e-05
906,-0.0008334590820595622,-0.005653871688991785,0.003741182154044509,-0.0030095663387328386
907,0.0035670653451234102,-0.003307712497189641,-0.0003868750936817378,-0.00488098943606019
908,0.001526119071058929,0.0053922515362501144,0.0030691202264279127,-0.00695014838129282
909,-0.002660861937329173,-0.0011783288791775703,0.0005950339836999774,-0.003109497018158436
910,0.005408532451838255,0.010264856740832329,-0.0009641225333325565,-0.001195031451061368
911,0.005629706662148237,0.004607061855494976,-0.0035078765358775854,0.0033358957152813673
912,0.0028887533117085695,-0.005708049517124891,0.0075175282545387745,-0.001529609551653266
913,0.005875189322978258,-0.0002152707165805623,0.005687157157808542,-0.00020713661797344685
914,-0.0031673195771872997,0.00018385112343821675,-0.0018296214984729886,0.003821498714387417
915,-0.002066513057798147,-0.0004832611884921789,-0.00526534765958786,0.005753990262746811
916,-0.006178827024996281,-0.0008751961286179721,0.0018892547814175487,-0.004754898604005575
917,-0.0009422870934940875,-0.001076777232810855,0.0015112642431631684,-0.0038733379915356636
918,0.006800197530537844,-0.010906677693128586,-0.0006482931203208864,-0.002524646231904626
919,-0.0019177291542291641,0.00011363259545760229,0.006238565314561129,0.0037811757065355778
920,-0.004773534834384918,0.0031761424615979195,-0.00023382814833894372,0.004764123819768429
921,0.0024151201359927654,0.00464595528319478,0.009281070902943611,0.00029090067255310714
922,-0.0006719048251397908,0.007872343063354492,0.006772494874894619,0.0068436237052083015
923,-0.004148091189563274,0.0014058975502848625,-0.0008623740286566317,0.001830475521273911
924,0.0009551450493745506,0.005605208687484264,0.0015399049734696746,-0.001920271897688508
925,0.0071018775925040245,-0.002813709434121847,-0.0011786146787926555,-0.0003249355941079557
926,-0.0034775924868881702,0.0002112284564645961,0.0030217876192182302,0.003480399725958705
927,-0.007283150218427181,-1.4448230558627984e-06,-0.003354125889018178,0.0005172431701794267
928,-0.005580020137131214,-0.0002020782994804904,0.007230488117784262,0.0021737299393862486
929,-0.00622522784397006,0.007122620474547148,0.0008940144325606525,0.0034888265654444695
930,0.0003372437786310911,-0.000589749135542661,0.000989483785815537,0.004392559640109539
931,-0.002880769781768322,0.005026272498071194,-0.0008579515852034092,0.0026860320940613747
932,0.0031062967609614134,-0.00037671870086342096,0.0035894615575671196,-0.004174308385699987
933,0.007943088188767433,0.0016149268485605717,0.001808077679015696,0.0017040676902979612
934,-0.0009712774772197008,-0.0028127755504101515,-0.007822888903319836,-0.001960618654266
935,0.0015611466951668262,0.005524034146219492,-0.005831586662679911,0.0001488068519392982
936,0.00946588534861803,0.005406212527304888,-0.00314350170083344,0.0018357604276388884
937,-0.0025597584899514914,-0.011752638034522533,-0.008903808891773224,-0.0002833107428159565
938,0.004660418257117271,-0.0041704257018864155,0.004573714453727007,2.3044094632496126e-05
939,0.0076493071392178535,0.004405854735523462,0.0015937861753627658,0.0020743405912071466
940,-0.0025744785089045763,0.006430814974009991,-0.00442586001008749,0.008749332278966904
941,0.003970868419855833,-0.0036395671777427197,0.005927159916609526,-0.0008693156996741891
942,0.00039378870860673487,-0.008603649213910103,-0.0004258209082763642,-0.0018923549214378
943,0.0025565417017787695,-0.0004337603459134698,-0.006207002326846123,-0.005287230480462313
944,0.00024430936900898814,-0.00550389988347888,-0.004760260693728924,-0.006167470943182707
945,0.0029496620409190655,0.0025462587364017963,0.006517139729112387,-0.001230549649335444
946,-0.003126011462882161,0.005674008280038834,-0.0029683862812817097,0.005180456209927797
947,-0.002157303038984537,0.005795878358185291,0.0029629571363329887,0.0035388977266848087
948,0.005729755386710167,0.004295732825994492,0.0007894913433119655,0.004901132546365261
949,-0.0014664084883406758,0.0060963258147239685,-0.0012618759647011757,-0.0008662364562042058
950,-0.003950267098844051,0.003295915201306343,1.5236758372338954e-05,0.0047630020417273045
951,-0.0035493045579642057,0.0010073474841192365,-7.994675252120942e-05,-0.0017081464175134897
952,-0.0035140567924827337,-0.0027637204620987177,0.0028045219369232655,-0.0008905274444259703
953,4.530726801021956e-05,0.0006034006946720183,-0.0022929999977350235,0.006313802674412727
954,0.004022670444101095,-0.0011888642329722643,0.0008584004826843739,0.0024819429963827133
955,0.0045252712443470955,-0.004623526241630316,-0.008825101889669895,0.0008582526934333146
956,0.004955280106514692,-0.0029349233955144882,-0.002275605220347643,-0.0020128434989601374
957,0.00948190875351429,-0.0047502643428742886,-0.0015988744562491775,-0.0032911966554820538
958,0.005848781205713749,0.001726127928122878,0.00017409236170351505,-0.00030001113191246986
959,0.004038827959448099,-0.0009715391788631678,0.0006774354842491448,-0.0029254502151161432
960,0.0007916662725619972,0.0003298563533462584,-0.0029878306668251753,0.00037666092975996435
961,0.001334465341642499,0.0027082290034741163,-0.0020890815649181604,0.0014273464912548661
962,0.003057846799492836,-0.004251017235219479,-0.002991402056068182,0.0034626845736056566
963,0.0033990785013884306,0.0024489727802574635,0.007066117599606514,-0.002362898550927639
964,-0.006117720156908035,0.012315155006945133,0.007682557217776775,-0.001642255811020732
965,-0.0016829711385071278,0.0010843006893992424,-0.004567849449813366,-0.0033196064177900553
966,0.0024125773925334215,0.006347742397338152,0.0017801986541599035,0.00622726883739233
967,-0.007338488940149546,0.0004048881237395108,0.0037571352440863848,-0.0010082873050123453
968,-0.009015274234116077,0.0009218735503964126,-0.00498583260923624,-0.0014484092826023698
969,0.0043328795582056046,0.0003387139877304435,-0.0016122289234772325,0.005759122781455517
970,0.003595615504309535,-0.0025674556382000446,-0.0007499997736886144,0.004258014261722565
971,0.002278589876368642,0.003988767508417368,-0.003548254491761327,0.0007320326985791326
972,-0.0047022500075399876,-0.005494243465363979,-0.0027844931464642286,0.0010070835705846548
973,-0.00073620566399768,-0.000895713921636343,0.0023650559596717358,0.0027700169011950493
974,0.0027166283689439297,-0.005781637970358133,-0.0002531103673391044,0.0054869698360562325
975,-0.000982588971965015,-0.0010512751759961247,-0.0014783523511141539,0.005031618755310774
976,0.005831877700984478,-0.006072284188121557,0.0019044571090489626,-0.003905331017449498
977,0.0011477104853838682,0.0009021097794175148,-0.00025108206318691373,-0.0025103858206421137
978,-0.006712360307574272,-0.005963188596069813,-0.0016125155379995704,-0.005699795670807362
979,-0.0012925055343657732,-0.0053826807998120785,3.095313149970025e-05,0.00022728221665602177
980,-0.0026997975073754787,-0.0013640538090839982,-0.005161982960999012,-0.0017159587005153298
981,-0.004660484846681356,-0.00180079007986933,0.0027913018129765987,0.00412377156317234
982,-0.003383948002010584,-0.003439918626099825,-0.0005022473633289337,-0.0026355478912591934
983,-0.002999908523634076,-0.0032782265916466713,-0.0010765963234007359,-0.002453806810081005
984,-0.004025506321340799,0.0023694969713687897,0.0006052532116882503,-6.0404134273994714e-05
985,-0.0018308066064491868,0.0006855739047750831,-0.0061508365906775,-0.003612044034525752
986,-0.0018631438724696636,0.009229329414665699,-0.00036568494397215545,-0.0013246651506051421
987,0.005554091650992632,0.0015464911703020334,0.0041900393553078175,-0.0005601306329481304
988,-0.000747860933188349,0.0001822206686483696,0.0019379676086828113,0.004283048678189516
989,-0.0001558774965815246,-7.895781163824722e-05,-0.0042555974796414375,0.0012588148238137364
990,0.0058136857114732265,-0.006147379986941814,-0.0017692879773676395,-0.00033442975836806
991,0.0063342079520225525,-0.004068578127771616,-0.0029342444613575935,0.004679553210735321
992,-0.0014652020763605833,-0.00701525155454874,-0.002150153974071145,0.001872353721410036
993,-0.0028593174647539854,-0.003265812061727047,-0.005907177459448576,-0.0018587519880384207
994,0.003278757445514202,0.0005933262873440981,-0.008347931317985058,-0.0019211494363844395
995,0.0018629159312695265,-0.004538578912615776,-0.0007135982741601765,-0.0019057219615206122
996,0.004853975027799606,0.004299227613955736,0.002835232298821211,-0.002568442141637206
997,-0.0028950851410627365,0.0070795537903904915,0.0026529368478804827,0.0022195258643478155
998,-0.004974788520485163,0.00407028291374445,0.0021729113068431616,-0.00035757626756094396
999,-0.0016162424581125379,0.0033421735279262066,0.0007228913018479943,-0.003054883796721697
